Time,Demand 1,Control 1,Output Drive 1,Channel 1,Channel 2,Channel 3,Channel 4,Channel 1 Kurtosis,Channel 2 Kurtosis,Channel 3 Kurtosis,Channel 4 Kurtosis,Rear Input 1,Rear Input 2,Rear Input 3,Rear Input 4,Rear Input 5,Rear Input 6,Rear Input 7,Rear Input 8
0.00148333,0.125011,0.0808186,0,0.0707033,0.126456,0.109703,1.99E-15,2.57088,3.14104,2.84803,9.19749,0,0,0,0,0,0,0,0
0.00148333,0.125011,0.0808186,0,0.0707033,0.126456,0.109703,1.99E-15,2.57088,3.14104,2.84803,9.19749,0,0,0,0,0,0,0,0
0.00153333,0.125011,0.0808186,0,0.0707033,0.126456,0.109703,1.99E-15,2.57088,3.14104,2.84803,9.19749,0,0,0,0,0,0,0,0
0.00608333,0.125011,0.0808186,0,0.0618304,0.102239,0.106837,1.53E-15,3.14968,3.11858,2.74879,4.56213,0,0,0,0,0,0,0,0
0.00943333,0.125011,0.0808186,0,0.0862506,0.123334,0.109282,1.74E-15,3.03044,2.8789,2.18308,5.78392,0,0,0,0,0,0,0,0
0.0129833,0.125011,0.0808186,1.19E-05,0.0544442,0.102237,0.110479,1.77E-15,2.75711,3.06423,2.13442,4.11484,0,0,0,0,0,0,0,0
0.0192,0.125011,0.076256,1.36E-05,0.0605158,0.109558,0.116026,1.87E-15,2.65081,2.85943,2.25863,10.882,0,0,0,0,0,0,0,0
0.0224,0.125011,0.076256,1.47E-05,0.0657898,0.1174,0.108913,1.70E-15,2.72205,2.38191,2.82049,6.53043,0,0,0,0,0,0,0,0
0.0258667,0.125011,0.076256,1.57E-05,0.0653651,0.105082,0.110044,1.51E-15,3.29782,2.45391,2.37025,5.04395,0,0,0,0,0,0,0,0
0.0296333,0.125011,0.076256,1.70E-05,0.0697599,0.130585,0.112878,1.64E-15,2.6789,2.92762,2.55963,4.57787,0,0,0,0,0,0,0,0
0.0329,0.125011,0.0590696,1.83E-05,0.0627549,0.115254,0.108438,1.78E-15,4.65195,2.12044,2.30368,7.53787,0,0,0,0,0,0,0,0
0.0362833,0.125011,0.0590696,1.96E-05,0.0632546,0.136519,0.118613,1.56E-15,3.35569,2.63715,2.73101,3.19048,0,0,0,0,0,0,0,0
0.0396833,0.125011,0.0590696,2.12E-05,0.055565,0.134169,0.114715,2.04E-15,3.32139,2.25919,2.63173,6.64112,0,0,0,0,0,0,0,0
0.04305,0.125011,0.0590696,2.26E-05,0.0742083,0.152868,0.108721,1.70E-15,2.80164,2.79052,3.1144,5.91081,0,0,0,0,0,0,0,0
0.04655,0.125011,0.0590696,2.44E-05,0.0656143,0.163637,0.119817,1.52E-15,2.49226,2.44119,2.62225,2.49274,0,0,0,0,0,0,0,0
0.0498333,0.125011,0.0586088,2.61E-05,0.0660084,0.178706,0.111124,1.87E-15,3.04208,2.4266,2.22166,9.03394,0,0,0,0,0,0,0,0
0.05335,0.125011,0.0586088,2.82E-05,0.0539337,0.14749,0.117425,1.64E-15,2.31031,2.24868,2.5419,4.39527,0,0,0,0,0,0,0,0
0.0566,0.125011,0.0586088,3.01E-05,0.0703536,0.147559,0.108009,1.73E-15,3.25109,2.63469,3.24579,6.2453,0,0,0,0,0,0,0,0
0.0599833,0.125011,0.0586088,3.25E-05,0.0655532,0.127033,0.108428,1.79E-15,2.77363,2.81062,2.88567,6.7648,0,0,0,0,0,0,0,0
0.0634667,0.125011,0.0586088,3.48E-05,0.051614,0.101507,0.111149,1.45E-15,4.18742,2.16942,2.19068,2.59829,0,0,0,0,0,0,0,0
0.0667667,0.125011,0.0780663,3.76E-05,0.0725449,0.117058,0.110255,1.83E-15,2.94999,2.54727,2.27374,10.4291,0,0,0,0,0,0,0,0
0.0701333,0.125011,0.0780663,4.01E-05,0.0594227,0.138686,0.116789,1.57E-15,2.42097,2.84881,1.93516,4.08714,0,0,0,0,0,0,0,0
0.0735167,0.125011,0.0780663,4.34E-05,0.0617613,0.105068,0.0976813,1.75E-15,2.92093,2.73699,2.54401,9.10043,0,0,0,0,0,0,0,0
0.0769,0.125011,0.0780663,4.63E-05,0.0777266,0.136941,0.126119,1.82E-15,2.75071,2.13825,2.36204,5.75869,0,0,0,0,0,0,0,0
0.0804,0.125011,0.0780663,5.01E-05,0.0700044,0.122795,0.10636,1.55E-15,2.95704,2.3641,2.65362,4.87785,0,0,0,0,0,0,0,0
0.0836833,0.125011,0.0799995,5.35E-05,0.064897,0.127242,0.106964,1.84E-15,2.56419,2.55764,2.02903,7.92568,0,0,0,0,0,0,0,0
0.0870667,0.125011,0.0799995,5.78E-05,0.0592122,0.0910777,0.106609,1.71E-15,3.33134,3.7906,2.61929,5.85661,0,0,0,0,0,0,0,0
0.09045,0.125011,0.0799995,6.17E-05,0.0602348,0.118653,0.126094,1.54E-15,2.67802,2.29515,2.21687,6.55094,0,0,0,0,0,0,0,0
0.09385,0.125011,0.0799995,6.67E-05,0.076882,0.130833,0.111744,1.87E-15,2.38366,2.45072,2.3098,9.0504,0,0,0,0,0,0,0,0
0.0973167,0.125011,0.0799995,7.13E-05,0.0579547,0.103574,0.115495,2.00E-15,2.72258,2.79503,2.38066,7.05654,0,0,0,0,0,0,0,0
0.102433,0.125011,0.0799975,7.96E-05,0.0677035,0.119647,0.119723,1.68E-15,2.86199,2.37019,2.29825,8.65201,0,0,0,0,0,0,0,0
0.105767,0.125011,0.0799975,8.60E-05,0.0589407,0.143496,0.122932,1.90E-15,2.46875,2.82198,2.405,8.15118,0,0,0,0,0,0,0,0
0.1092,0.125011,0.0799975,9.19E-05,0.0804031,0.124977,0.11264,1.54E-15,2.83071,2.23956,3.06932,4.3396,0,0,0,0,0,0,0,0
0.113133,0.125011,0.0799975,0.00010035,0.0771384,0.112105,0.0994514,1.56E-15,2.45611,3.39761,3.04066,4.02199,0,0,0,0,0,0,0,0
0.116483,0.125011,0.0785233,0.000107221,0.0772105,0.145184,0.114431,1.77E-15,2.60773,2.45854,2.81905,6.70958,0,0,0,0,0,0,0,0
0.119883,0.125011,0.0785233,0.000115835,0.0765412,0.122868,0.112514,1.42E-15,3.11336,3.06837,2.7124,3.44558,0,0,0,0,0,0,0,0
0.123267,0.125011,0.0785233,0.000123766,0.0674935,0.12267,0.112955,1.90E-15,2.62397,3.24858,2.36541,5.58155,0,0,0,0,0,0,0,0
0.12665,0.125011,0.0785233,0.000133708,0.0727144,0.109225,0.112893,1.61E-15,3.22654,2.55964,2.13538,5.57388,0,0,0,0,0,0,0,0
0.130133,0.125011,0.0785233,0.000142863,0.064873,0.107498,0.112097,1.49E-15,3.07233,3.25374,2.81711,3.19769,0,0,0,0,0,0,0,0
0.133417,0.125011,0.0792743,0.00015434,0.0739046,0.108024,0.102098,1.90E-15,3.2576,3.54891,2.57452,5.32874,0,0,0,0,0,0,0,0
0.1368,0.125011,0.0792743,0.000164908,0.0611909,0.112551,0.111583,1.47E-15,2.67352,3.13914,2.48792,3.87303,0,0,0,0,0,0,0,0
0.140183,0.125011,0.0792743,0.000178155,0.0587281,0.101115,0.114182,1.90E-15,3.19675,2.92078,2.30641,9.53842,0,0,0,0,0,0,0,0
0.143567,0.125011,0.0792743,0.000190353,0.084478,0.118568,0.113694,1.67E-15,2.6661,3.23319,2.22771,6.39878,0,0,0,0,0,0,0,0
0.147067,0.125011,0.0792743,0.000205645,0.0722595,0.103058,0.108896,1.42E-15,2.52748,2.92191,3.12222,2.95823,0,0,0,0,0,0,0,0
0.15035,0.125011,0.0806456,0.000219725,0.0667488,0.127336,0.116729,1.82E-15,3.00403,2.32751,2.2742,8.21925,0,0,0,0,0,0,0,0
0.153733,0.125011,0.0806456,0.000237376,0.0813627,0.113858,0.110976,1.49E-15,2.80812,2.75058,2.25653,5.68573,0,0,0,0,0,0,0,0
0.157117,0.125011,0.0806456,0.00025363,0.0872287,0.128441,0.105733,1.88E-15,3.07283,2.93267,2.64022,5.83345,0,0,0,0,0,0,0,0
0.1605,0.125011,0.0806456,0.000274004,0.0648398,0.112864,0.110662,1.81E-15,2.97219,2.76519,2.95761,7.50388,0,0,0,0,0,0,0,0
0.163983,0.125011,0.0806456,0.000292766,0.0773495,0.135248,0.114902,1.43E-15,2.50511,2.71425,3.09792,2.58663,0,0,0,0,0,0,0,0
0.167267,0.125011,0.079993,0.000316284,0.062888,0.108806,0.114075,1.96E-15,2.42241,2.26184,2.97913,7.44559,0,0,0,0,0,0,0,0
0.17065,0.125011,0.079993,0.00033794,0.0779402,0.123004,0.118688,1.61E-15,2.774,2.46475,2.55196,5.14021,0,0,0,0,0,0,0,0
0.17405,0.125011,0.079993,0.000365087,0.0710287,0.101526,0.0995718,1.68E-15,3.03796,3.19898,2.26274,9.3207,0,0,0,0,0,0,0,0
0.177417,0.125011,0.079993,0.000390085,0.0812456,0.113921,0.114602,1.89E-15,2.42095,2.41573,2.23727,6.73187,0,0,0,0,0,0,0,0
0.180917,0.125011,0.079993,0.000421421,0.0639531,0.1454,0.103698,1.58E-15,2.73499,2.47601,2.46014,3.94085,0,0,0,0,0,0,0,0
0.185767,0.125011,0.081204,0.000465437,0.0671103,0.150717,0.107771,1.89E-15,2.92855,2.43318,2.82957,6.94527,0,0,0,0,0,0,0,0
0.18915,0.125011,0.081204,0.000502826,0.0566268,0.133396,0.113385,1.68E-15,2.72362,2.7079,3.07545,4.29937,0,0,0,0,0,0,0,0
0.192533,0.125011,0.081204,0.000537255,0.0590339,0.121182,0.117752,1.48E-15,3.26617,2.41609,2.09086,3.11377,0,0,0,0,0,0,0,0
0.196483,0.125011,0.081204,0.000586855,0.0798025,0.119806,0.121535,1.70E-15,2.94931,2.4472,2.32009,4.5874,0,0,0,0,0,0,0,0
0.199817,0.125011,0.0819923,0.000627038,0.0808856,0.133187,0.110592,1.50E-15,2.93194,2.48736,2.59692,3.85242,0,0,0,0,0,0,0,0
0.203217,0.125011,0.0819923,0.000677409,0.0766894,0.136948,0.112715,1.82E-15,3.29941,2.909,2.69538,9.75226,0,0,0,0,0,0,0,0
0.2066,0.125011,0.0819923,0.000723792,0.0698351,0.119804,0.118123,1.66E-15,2.78703,3.54487,2.30189,5.11287,0,0,0,0,0,0,0,0
0.209983,0.125011,0.0819923,0.000781935,0.0874398,0.135278,0.116739,1.56E-15,3.19603,2.90982,2.47515,5.11064,0,0,0,0,0,0,0,0
0.21345,0.125011,0.0819923,0.000835475,0.0753648,0.117165,0.114762,1.53E-15,2.36592,2.42303,2.40674,5.05345,0,0,0,0,0,0,0,0
0.21675,0.125011,0.0845196,0.000902589,0.0871842,0.147527,0.113648,1.71E-15,2.60841,2.55866,2.34301,6.3954,0,0,0,0,0,0,0,0
0.220133,0.125011,0.0845196,0.000964391,0.0763194,0.14506,0.118772,1.60E-15,2.63153,2.24607,2.55338,9.30728,0,0,0,0,0,0,0,0
0.223517,0.125011,0.0845196,0.00104186,0.103694,0.119401,0.118487,1.88E-15,2.85364,3.09496,2.38461,7.73622,0,0,0,0,0,0,0,0
0.2269,0.125011,0.0845196,0.0011132,0.0759881,0.119128,0.11683,1.57E-15,2.82908,2.94711,2.60291,4.19083,0,0,0,0,0,0,0,0
0.230383,0.125011,0.0845196,0.00120262,0.0811852,0.117388,0.110698,1.44E-15,2.97489,2.64234,2.21851,4.42042,0,0,0,0,0,0,0,0
0.233667,0.125011,0.0877303,0.00128497,0.0901383,0.128584,0.119545,1.89E-15,2.82366,2.33127,2.21602,8.17096,0,0,0,0,0,0,0,0
0.23705,0.125011,0.0877303,0.00138819,0.103081,0.148962,0.120223,1.47E-15,3.34803,2.34773,2.10509,3.97062,0,0,0,0,0,0,0,0
0.24045,0.125011,0.0877303,0.00148324,0.0865451,0.149582,0.115474,1.82E-15,2.61489,3.75562,2.81419,7.38599,0,0,0,0,0,0,0,0
0.243833,0.125011,0.0877303,0.00160239,0.0900144,0.132903,0.131508,1.89E-15,2.9991,3.16148,2.85794,7.82403,0,0,0,0,0,0,0,0
0.247317,0.125011,0.0877303,0.00171211,0.10035,0.128055,0.134474,1.44E-15,2.92876,2.70634,2.33826,3.71586,0,0,0,0,0,0,0,0
0.250567,0.125011,0.0917686,0.00184965,0.0717522,0.121562,0.115478,2.02E-15,2.91817,3.44764,2.63724,6.59231,0,0,0,0,0,0,0,0
0.253917,0.125011,0.0917686,0.0019763,0.088668,0.124813,0.102277,1.72E-15,3.63183,3.18671,2.53686,5.44122,0,0,0,0,0,0,0,0
0.257317,0.125011,0.0917686,0.00213505,0.0955499,0.148382,0.132494,1.82E-15,2.72717,2.5576,2.52597,9.04425,0,0,0,0,0,0,0,0
0.260683,0.125011,0.0917686,0.00228124,0.109647,0.145619,0.141652,1.95E-15,3.45201,3.17251,2.77531,7.35926,0,0,0,0,0,0,0,0
0.264233,0.125011,0.0917686,0.0024645,0.0795295,0.134563,0.116857,1.56E-15,2.57595,2.5034,2.53081,5.39009,0,0,0,0,0,0,0,0
0.269083,0.125011,0.0969135,0.0027219,0.0927782,0.146929,0.125246,1.85E-15,2.84868,2.63492,2.80351,8.79768,0,0,0,0,0,0,0,0
0.272467,0.125011,0.0969135,0.00294056,0.0950229,0.158878,0.139933,1.57E-15,3.15709,2.71059,2.92138,4.82501,0,0,0,0,0,0,0,0
0.27585,0.125011,0.0969135,0.0031419,0.108389,0.157399,0.14064,1.91E-15,2.59093,2.54628,3.21576,8.04127,0,0,0,0,0,0,0,0
0.279783,0.125011,0.0969135,0.00341986,0.112879,0.145513,0.120683,1.45E-15,2.54147,2.75716,3.41675,2.63677,0,0,0,0,0,0,0,0
0.283133,0.125011,0.102701,0.00360836,0.111396,0.161989,0.153443,1.81E-15,2.37806,3.01834,2.64417,9.44109,0,0,0,0,0,0,0,0
0.286533,0.125011,0.102701,0.00382827,0.0931436,0.148696,0.123705,1.78E-15,2.56221,2.57607,2.67336,7.35427,0,0,0,0,0,0,0,0
0.290033,0.125011,0.102701,0.00401676,0.116153,0.164724,0.147168,1.46E-15,3.00559,3.30266,2.34305,2.46986,0,0,0,0,0,0,0,0
0.2933,0.125011,0.102701,0.00423667,0.116131,0.167375,0.133034,1.83E-15,2.95684,3.15112,2.67856,11.1697,0,0,0,0,0,0,0,0
0.2968,0.125011,0.102701,0.00440218,0.133062,0.146615,0.155181,1.58E-15,2.33011,2.3323,2.18499,4.37831,0,0,0,0,0,0,0,0
0.300333,0.125011,0.111506,0.00454167,0.115541,0.158306,0.155603,1.67E-15,3.25035,2.58773,2.48308,4.38421,0,0,0,0,0,0,0,0
0.303717,0.125011,0.111506,0.00468116,0.124292,0.198263,0.168921,1.94E-15,2.39129,2.70456,3.46616,7.48307,0,0,0,0,0,0,0,0
0.3071,0.125011,0.111506,0.00480073,0.134862,0.156949,0.149263,1.53E-15,2.75513,2.92506,2.50075,3.89427,0,0,0,0,0,0,0,0
0.310467,0.125011,0.111506,0.00494022,0.122482,0.148587,0.143735,1.84E-15,2.97891,2.55325,2.84693,10.2062,0,0,0,0,0,0,0,0
0.313917,0.125011,0.111506,0.00503967,0.138753,0.213173,0.188584,1.70E-15,2.32968,2.39795,2.94488,5.11274,0,0,0,0,0,0,0,0
0.317267,0.125011,0.121918,0.00505334,0.131757,0.197206,0.176711,1.70E-15,2.707,2.57294,2.90379,5.42714,0,0,0,0,0,0,0,0
0.320633,0.125011,0.121918,0.00506903,0.132982,0.193286,0.180661,1.69E-15,2.74442,2.60145,3.03076,6.52507,0,0,0,0,0,0,0,0
0.323983,0.125011,0.121918,0.00509706,0.127014,0.178903,0.175566,1.79E-15,2.96205,2.93925,2.85141,7.5804,0,0,0,0,0,0,0,0
0.32755,0.125011,0.121918,0.00514802,0.134007,0.18319,0.182314,1.71E-15,2.83101,2.91809,2.65496,7.0004,0,0,0,0,0,0,0,0
0.330983,0.125011,0.121918,0.0052498,0.134039,0.179887,0.173184,1.70E-15,2.86089,2.86977,2.77031,7.23983,0,0,0,0,0,0,0,0
0.334417,0.125011,0.129439,0.00526462,0.133688,0.180117,0.176706,1.73E-15,2.92561,2.86334,2.9947,7.10343,0,0,0,0,0,0,0,0
0.337783,0.125011,0.129439,0.00528186,0.131658,0.174662,0.181585,1.69E-15,2.92071,3.00769,2.93454,6.60393,0,0,0,0,0,0,0,0
0.3412,0.125011,0.129439,0.00531365,0.137943,0.180366,0.18615,1.75E-15,2.94974,2.925,2.87164,7.41086,0,0,0,0,0,0,0,0
0.344583,0.125011,0.129439,0.00537869,0.132878,0.177836,0.189178,1.77E-15,3.05878,2.88062,3.04016,7.34149,0,0,0,0,0,0,0,0
0.348067,0.125011,0.129439,0.00546876,0.131985,0.177258,0.186302,1.71E-15,3.00689,2.76811,2.98725,6.86824,0,0,0,0,0,0,0,0
0.3524,0.125011,0.133803,0.00548759,0.130014,0.173819,0.180794,1.77E-15,2.93713,2.7812,2.90388,7.62414,0,0,0,0,0,0,0,0
0.355783,0.125011,0.133803,0.00551203,0.134346,0.176636,0.187856,1.76E-15,2.96847,2.84314,2.7429,7.22106,0,0,0,0,0,0,0,0
0.359167,0.125011,0.133803,0.00554813,0.133147,0.176654,0.19119,1.73E-15,3.02113,2.87819,2.99467,7.13089,0,0,0,0,0,0,0,0
0.363167,0.125011,0.133803,0.00568893,0.13377,0.177823,0.189729,1.74E-15,3.13907,2.83726,2.96492,7.11746,0,0,0,0,0,0,0,0
0.3666,0.125011,0.136598,0.0057014,0.13243,0.176298,0.189167,1.75E-15,3.11162,2.9374,3.0112,7.04127,0,0,0,0,0,0,0,0
0.36985,0.125011,0.136598,0.00572061,0.129199,0.172781,0.191398,1.73E-15,3.12526,2.94373,2.97677,6.79128,0,0,0,0,0,0,0,0
0.373233,0.125011,0.136598,0.00574466,0.128531,0.171235,0.189677,1.73E-15,3.09278,2.91603,2.93722,6.86998,0,0,0,0,0,0,0,0
0.376617,0.125011,0.136598,0.00579867,0.126165,0.169716,0.18809,1.76E-15,3.07444,2.87475,3.07415,7.29557,0,0,0,0,0,0,0,0
0.3801,0.125011,0.136598,0.00592409,0.123143,0.169665,0.184698,1.76E-15,3.12385,2.80742,2.98744,7.10652,0,0,0,0,0,0,0,0
0.383383,0.125011,0.138076,0.00593955,0.12429,0.171711,0.186946,1.73E-15,3.08597,2.82581,3.07102,6.80578,0,0,0,0,0,0,0,0
0.386767,0.125011,0.138076,0.00595707,0.123766,0.17076,0.185047,1.73E-15,3.06328,2.79403,3.03097,6.91022,0,0,0,0,0,0,0,0
0.39015,0.125011,0.138076,0.00598756,0.125592,0.174248,0.187092,1.76E-15,3.00734,2.86341,3.08855,7.12109,0,0,0,0,0,0,0,0
0.39355,0.125011,0.138076,0.00603837,0.125271,0.175875,0.193624,1.75E-15,2.96267,2.84743,3.11557,7.06052,0,0,0,0,0,0,0,0
0.397033,0.125011,0.138076,0.00617102,0.125175,0.175398,0.20122,1.71E-15,2.94293,2.80779,3.26467,6.91407,0,0,0,0,0,0,0,0
0.400317,0.125011,0.138272,0.00618507,0.127998,0.175643,0.201545,1.74E-15,2.99473,2.86162,3.23921,7.35326,0,0,0,0,0,0,0,0
0.4037,0.125011,0.138272,0.00620697,0.128278,0.175955,0.201972,1.76E-15,3.03044,2.88509,3.0929,7.50396,0,0,0,0,0,0,0,0
0.407083,0.125011,0.138272,0.00623506,0.128726,0.175425,0.199805,1.74E-15,3.00195,2.84431,3.09758,7.25964,0,0,0,0,0,0,0,0
0.410467,0.125011,0.138272,0.00630369,0.128832,0.175475,0.203392,1.74E-15,2.92662,2.90766,3.26859,7.21921,0,0,0,0,0,0,0,0
0.4139,0.125011,0.138272,0.00642611,0.12919,0.175556,0.209001,1.75E-15,2.90873,2.9165,3.42273,7.24309,0,0,0,0,0,0,0,0
0.417467,0.125011,0.137918,0.00644353,0.126716,0.17483,0.206958,1.75E-15,2.95234,2.93018,3.34082,7.15341,0,0,0,0,0,0,0,0
0.420867,0.125011,0.137918,0.00646758,0.125766,0.173484,0.210761,1.73E-15,2.93109,2.88134,3.22073,7.09352,0,0,0,0,0,0,0,0
0.424233,0.125011,0.137918,0.00649929,0.124083,0.17082,0.215278,1.74E-15,2.93696,2.90959,3.10533,7.32067,0,0,0,0,0,0,0,0
0.427617,0.125011,0.137918,0.00658614,0.122429,0.169538,0.210811,1.76E-15,2.96917,2.899,3.12876,7.37895,0,0,0,0,0,0,0,0
0.431117,0.125011,0.137918,0.00669405,0.121769,0.168875,0.210124,1.74E-15,3.07072,2.90295,3.12664,7.11516,0,0,0,0,0,0,0,0
0.4357,0.125011,0.138452,0.00671949,0.121421,0.168414,0.214752,1.75E-15,3.0049,2.88879,2.95144,7.28255,0,0,0,0,0,0,0,0
0.439083,0.125011,0.138452,0.00674941,0.119354,0.16581,0.213009,1.77E-15,2.98521,2.90034,2.92923,7.39313,0,0,0,0,0,0,0,0
0.442467,0.125011,0.138452,0.00679362,0.119568,0.166629,0.211301,1.75E-15,3.00621,2.87067,2.92328,7.11751,0,0,0,0,0,0,0,0
0.44645,0.125011,0.138452,0.00696378,0.117939,0.164629,0.20653,1.74E-15,3.02486,2.86515,2.97776,6.96551,0,0,0,0,0,0,0,0
0.449767,0.125011,0.138178,0.0069813,0.118879,0.164753,0.226469,1.76E-15,3.01335,2.9035,3.22788,7.06416,0,0,0,0,0,0,0,0
0.45315,0.125011,0.138178,0.00700482,0.11923,0.165343,0.238765,1.76E-15,2.97094,2.90285,3.14919,7.13005,0,0,0,0,0,0,0,0
0.456533,0.125011,0.138178,0.00703427,0.11898,0.166167,0.246005,1.73E-15,2.97444,2.87897,2.9979,7.06914,0,0,0,0,0,0,0,0
0.46005,0.125011,0.138178,0.00710041,0.119484,0.165365,0.246793,1.75E-15,2.91017,2.87123,2.91735,7.30888,0,0,0,0,0,0,0,0
0.4634,0.125011,0.138178,0.00725397,0.118881,0.164409,0.248186,1.76E-15,2.95244,2.93323,2.96764,7.30692,0,0,0,0,0,0,0,0
0.4667,0.125011,0.136781,0.00727291,0.117689,0.162448,0.240834,1.73E-15,2.91219,2.9042,3.02411,7.04348,0,0,0,0,0,0,0,0
0.470067,0.125011,0.136781,0.00729437,0.117466,0.163644,0.245152,1.73E-15,2.89819,2.95104,2.98604,7.14007,0,0,0,0,0,0,0,0
0.47345,0.125011,0.136781,0.00733169,0.119349,0.167434,0.242994,1.76E-15,3.03091,2.96629,2.94649,7.22477,0,0,0,0,0,0,0,0
0.47685,0.125011,0.136781,0.00739391,0.120407,0.16748,0.239471,1.76E-15,3.04278,2.99767,2.92449,7.00149,0,0,0,0,0,0,0,0
0.480333,0.125011,0.136781,0.00755634,0.12106,0.167794,0.233899,1.73E-15,3.08425,3.01268,2.9712,6.74733,0,0,0,0,0,0,0,0
0.483617,0.125011,0.135697,0.00757354,0.12106,0.166789,0.227683,1.75E-15,3.11317,2.96378,3.03414,6.78146,0,0,0,0,0,0,0,0
0.487,0.125011,0.135697,0.00760036,0.122621,0.168993,0.229791,1.77E-15,3.10165,3.01158,2.92992,6.83066,0,0,0,0,0,0,0,0
0.490383,0.125011,0.135697,0.00763476,0.120751,0.168068,0.230081,1.75E-15,3.13546,3.04241,2.96154,6.6368,0,0,0,0,0,0,0,0
0.493917,0.125011,0.135697,0.00771879,0.123743,0.170451,0.243885,1.74E-15,3.14721,3.02487,2.92099,6.84548,0,0,0,0,0,0,0,0
0.497267,0.125011,0.135697,0.00786869,0.122103,0.167869,0.242164,1.74E-15,3.14196,3.016,2.885,6.83602,0,0,0,0,0,0,0,0
0.500533,0.125011,0.135125,0.00789003,0.122626,0.168094,0.247111,1.75E-15,3.22612,2.9943,2.76312,6.91643,0,0,0,0,0,0,0,0
0.503917,0.125011,0.135125,0.00791453,0.123932,0.168663,0.257919,1.74E-15,3.20008,2.92701,2.8614,6.69285,0,0,0,0,0,0,0,0
0.507317,0.125011,0.135125,0.0079583,0.126355,0.170632,0.255532,1.76E-15,3.24727,2.96947,2.83326,6.8688,0,0,0,0,0,0,0,0
0.5107,0.125011,0.135125,0.00803786,0.12668,0.172554,0.267964,1.78E-15,3.20387,2.96817,2.78541,7.01667,0,0,0,0,0,0,0,0
0.514183,0.125011,0.135125,0.00819678,0.127847,0.171383,0.27229,1.76E-15,3.18906,3.00013,2.73076,6.81516,0,0,0,0,0,0,0,0
0.519033,0.125011,0.135351,0.00822794,0.128339,0.17182,0.275571,1.76E-15,3.13613,2.93757,2.86275,6.93898,0,0,0,0,0,0,0,0
0.522417,0.125011,0.135351,0.00826458,0.129298,0.17288,0.302826,1.79E-15,3.23541,2.92993,2.82543,7.08846,0,0,0,0,0,0,0,0
0.5258,0.125011,0.135351,0.00831871,0.13016,0.175398,0.317553,1.77E-15,3.21312,2.86607,2.81,6.96046,0,0,0,0,0,0,0,0
0.529767,0.125011,0.135351,0.00852707,0.131306,0.17625,0.311655,1.75E-15,3.23429,2.87606,2.85781,6.79601,0,0,0,0,0,0,0,0
0.5331,0.125011,0.135677,0.00854852,0.132153,0.175987,0.302015,1.76E-15,3.20985,2.83604,2.90613,6.92272,0,0,0,0,0,0,0,0
0.536483,0.125011,0.135677,0.00857732,0.132489,0.17501,0.32402,1.76E-15,3.1477,2.86869,2.98057,6.99449,0,0,0,0,0,0,0,0
0.539867,0.125011,0.135677,0.00861338,0.132846,0.173966,0.317073,1.73E-15,3.13761,2.85215,2.98314,6.79951,0,0,0,0,0,0,0,0
0.54325,0.125011,0.135677,0.00869437,0.132014,0.173329,0.329084,1.75E-15,3.14198,2.8841,2.9445,7.04144,0,0,0,0,0,0,0,0
0.546733,0.125011,0.135677,0.00879257,0.135596,0.175654,0.355184,1.77E-15,3.20293,2.95681,3.40996,6.99678,0,0,0,0,0,0,0,0
0.550017,0.125011,0.136564,0.00879682,0.135635,0.177199,0.3491,1.76E-15,3.23529,2.9098,3.406,6.89842,0,0,0,0,0,0,0,0
0.5534,0.125011,0.136564,0.00880047,0.136,0.176962,0.349104,1.74E-15,3.25137,2.90365,3.32101,6.77005,0,0,0,0,0,0,0,0
0.556783,0.125011,0.136564,0.00880472,0.134622,0.17524,0.344573,1.76E-15,3.1887,2.88297,3.23617,6.82455,0,0,0,0,0,0,0,0
0.560167,0.125011,0.136564,0.00880836,0.135451,0.175949,0.351488,1.78E-15,3.13349,2.98453,3.03383,6.93917,0,0,0,0,0,0,0,0
0.563667,0.125011,0.136564,0.00880756,0.133546,0.175989,0.361464,1.76E-15,3.1358,2.93398,2.86339,6.72542,0,0,0,0,0,0,0,0
0.56695,0.125011,0.137774,0.00880111,0.133458,0.176476,0.365942,1.74E-15,3.19628,2.91738,2.7722,6.7295,0,0,0,0,0,0,0,0
0.570333,0.125011,0.137774,0.00879359,0.131826,0.173827,0.361506,1.75E-15,3.16359,2.92731,2.74728,7.13617,0,0,0,0,0,0,0,0
0.573717,0.125011,0.137774,0.00878715,0.132268,0.175616,0.378134,1.75E-15,3.09079,2.89072,2.64871,6.88561,0,0,0,0,0,0,0,0
0.5771,0.125011,0.137774,0.00877963,0.131545,0.174197,0.358385,1.74E-15,3.13622,2.89407,2.8451,6.80858,0,0,0,0,0,0,0,0
0.58055,0.125011,0.137774,0.00877172,0.129887,0.173287,0.342825,1.73E-15,3.12287,2.88119,3.00619,6.85284,0,0,0,0,0,0,0,0
0.58575,0.125011,0.139029,0.00875611,0.129937,0.172449,0.329099,1.74E-15,3.01924,2.85389,3.05761,6.7155,0,0,0,0,0,0,0,0
0.58915,0.125011,0.139029,0.00874518,0.130339,0.173146,0.325167,1.71E-15,3.00131,2.87097,3.01231,6.5647,0,0,0,0,0,0,0,0
0.592533,0.125011,0.139029,0.00873582,0.131408,0.172907,0.316774,1.71E-15,2.94741,2.85543,3.05935,6.81258,0,0,0,0,0,0,0,0
0.59645,0.125011,0.139029,0.00872484,0.132073,0.17162,0.305377,1.73E-15,2.86268,2.8815,3.12277,6.88459,0,0,0,0,0,0,0,0
0.602267,0.125011,0.139707,0.00871597,0.133119,0.174849,0.311533,1.73E-15,2.83979,2.83096,3.09681,6.96837,0,0,0,0,0,0,0,0
0.605617,0.125011,0.139707,0.00871114,0.133632,0.174332,0.324196,1.71E-15,2.86274,2.78025,2.97322,6.84408,0,0,0,0,0,0,0,0
0.609017,0.125011,0.139707,0.0087055,0.13323,0.176216,0.324937,1.73E-15,2.89,2.75302,2.89631,7.15251,0,0,0,0,0,0,0,0
0.613117,0.125011,0.139707,0.00869911,0.132089,0.174085,0.330264,1.75E-15,2.92501,2.75375,2.86325,7.11207,0,0,0,0,0,0,0,0
0.616317,0.125011,0.139857,0.00869444,0.130764,0.173508,0.334792,1.74E-15,2.92296,2.77253,2.90809,6.94794,0,0,0,0,0,0,0,0
0.619667,0.125011,0.139857,0.00868977,0.130828,0.174862,0.331414,1.73E-15,2.97121,2.80955,2.93878,6.93441,0,0,0,0,0,0,0,0
0.623033,0.125011,0.139857,0.00868432,0.130941,0.175168,0.323525,1.74E-15,2.95906,2.79763,2.98815,7.03073,0,0,0,0,0,0,0,0
0.626383,0.125011,0.139857,0.00867965,0.131864,0.174632,0.325984,1.75E-15,2.96263,2.7878,2.90802,7.16623,0,0,0,0,0,0,0,0
0.629867,0.125011,0.139857,0.0086757,0.130508,0.173541,0.324132,1.74E-15,2.96729,2.80613,2.83772,7.00741,0,0,0,0,0,0,0,0
0.633133,0.125011,0.140378,0.00867551,0.130549,0.172831,0.314207,1.74E-15,3.00412,2.81886,2.9505,6.9127,0,0,0,0,0,0,0,0
0.636517,0.125011,0.140378,0.00867529,0.130738,0.174141,0.313944,1.75E-15,3.03214,2.94643,2.88793,7.04183,0,0,0,0,0,0,0,0
0.6399,0.125011,0.140378,0.0086751,0.131214,0.175222,0.315268,1.76E-15,2.98373,2.93343,2.89566,7.06576,0,0,0,0,0,0,0,0
0.643283,0.125011,0.140378,0.00867487,0.131638,0.176864,0.31374,1.74E-15,3.00112,2.9162,2.98443,6.86804,0,0,0,0,0,0,0,0
0.64685,0.125011,0.140378,0.00867371,0.131108,0.177547,0.328652,1.73E-15,3.00455,2.91702,2.89259,6.76765,0,0,0,0,0,0,0,0
0.650067,0.125011,0.140588,0.00867009,0.133485,0.178417,0.34237,1.74E-15,3.1064,2.92593,2.86605,6.92652,0,0,0,0,0,0,0,0
0.653433,0.125011,0.140588,0.00866698,0.134319,0.178702,0.356529,1.74E-15,3.09998,2.90498,2.84973,6.96458,0,0,0,0,0,0,0,0
0.656833,0.125011,0.140588,0.00866335,0.134472,0.17924,0.35187,1.73E-15,3.09032,2.91274,2.83674,6.76896,0,0,0,0,0,0,0,0
0.660167,0.125011,0.140588,0.00866024,0.135519,0.179627,0.349651,1.73E-15,3.06667,2.87774,2.85675,6.69205,0,0,0,0,0,0,0,0
0.6637,0.125011,0.140588,0.00865691,0.135204,0.179902,0.353615,1.73E-15,3.09374,2.88253,2.76166,6.79993,0,0,0,0,0,0,0,0
0.66895,0.250022,0.140778,0.0102999,0.13508,0.180313,0.345329,1.73E-15,3.10422,2.90155,2.81828,6.77141,0,0,0,0,0,0,0,0
0.6725,0.250022,0.140778,0.0128095,0.135651,0.179917,0.337955,1.72E-15,3.08666,2.92883,2.88259,6.65525,0,0,0,0,0,0,0,0
0.675883,0.250022,0.140778,0.0150495,0.139093,0.183088,0.340419,1.72E-15,3.24522,2.93487,2.88982,6.83069,0,0,0,0,0,0,0,0
0.6798,0.250022,0.140778,0.0172883,0.15197,0.195707,0.355928,1.73E-15,4.26276,3.67781,3.02245,6.99377,0,0,0,0,0,0,0,0
0.685617,0.250022,0.143196,0.0172819,0.1924,0.228066,0.410845,1.68E-15,3.83375,3.41013,2.96172,6.48247,0,0,0,0,0,0,0,0
0.689183,0.250022,0.143196,0.0172778,0.208482,0.238934,0.553389,1.70E-15,3.24879,3.21091,3.00478,6.78171,0,0,0,0,0,0,0,0
0.692567,0.250022,0.143196,0.0172743,0.214531,0.249559,0.527762,1.75E-15,3.27524,3.1804,2.98494,7.09449,0,0,0,0,0,0,0,0
0.696467,0.250022,0.143196,0.0172665,0.216222,0.253733,0.509748,1.74E-15,3.22128,3.02616,3.04281,6.81293,0,0,0,0,0,0,0,0
0.69985,0.250022,0.15044,0.0172535,0.221222,0.258223,0.515471,1.69E-15,2.95998,2.95837,2.80459,6.71036,0,0,0,0,0,0,0,0
0.703233,0.250022,0.15044,0.0172383,0.234305,0.275352,0.589809,1.72E-15,3.07764,3.03527,3.51287,7.14461,0,0,0,0,0,0,0,0
0.706567,0.250022,0.15044,0.0172253,0.251999,0.288706,0.601412,1.78E-15,2.98393,2.97547,3.20868,7.50329,0,0,0,0,0,0,0,0
0.710083,0.250022,0.15044,0.0172102,0.250465,0.287581,0.608085,1.73E-15,2.94145,2.89407,2.96467,6.93523,0,0,0,0,0,0,0,0
0.713583,0.250022,0.15044,0.0171916,0.245195,0.285621,0.638834,1.73E-15,2.89269,2.75969,2.82139,6.74692,0,0,0,0,0,0,0,0
0.7168,0.250022,0.176004,0.0171571,0.24417,0.285343,0.695132,1.74E-15,2.84613,2.72845,2.77098,7.03269,0,0,0,0,0,0,0,0
0.720417,0.250022,0.176004,0.0171227,0.248401,0.288959,0.655884,1.70E-15,2.86708,2.73835,2.85768,6.5566,0,0,0,0,0,0,0,0
0.7238,0.250022,0.176004,0.0170931,0.244737,0.287841,0.632208,1.71E-15,2.97852,2.82195,2.87859,6.98115,0,0,0,0,0,0,0,0
0.727183,0.250022,0.176004,0.0170586,0.245344,0.28531,0.665967,1.78E-15,2.88188,2.77547,2.64809,7.57882,0,0,0,0,0,0,0,0
0.730667,0.250022,0.176004,0.017019,0.247513,0.284019,0.656793,1.77E-15,2.86557,2.76757,2.78473,7.11715,0,0,0,0,0,0,0,0
0.734683,0.250022,0.20415,0.0169526,0.246282,0.28145,0.666669,1.71E-15,2.91843,2.88377,2.65793,6.76237,0,0,0,0,0,0,0,0
0.73805,0.250022,0.20415,0.0168945,0.246454,0.280904,0.637691,1.75E-15,2.86129,2.87097,2.64504,7.25584,0,0,0,0,0,0,0,0
0.741433,0.250022,0.20415,0.0168448,0.240034,0.275272,0.680943,1.78E-15,2.91583,2.88903,2.54779,7.37602,0,0,0,0,0,0,0,0
0.744817,0.250022,0.20415,0.0167867,0.239143,0.279189,0.631685,1.72E-15,2.8502,2.90515,2.6808,6.81139,0,0,0,0,0,0,0,0
0.7483,0.250022,0.20415,0.0167408,0.244193,0.280818,0.597536,1.69E-15,2.98959,3.02076,2.84203,6.5314,0,0,0,0,0,0,0,0
0.751583,0.250022,0.220265,0.0166881,0.244642,0.286103,0.639071,1.73E-15,3.13321,2.99197,2.78804,6.74006,0,0,0,0,0,0,0,0
0.754967,0.250022,0.220265,0.0166429,0.246603,0.288571,0.666311,1.72E-15,3.05137,3.01075,2.97101,6.70331,0,0,0,0,0,0,0,0
0.758367,0.250022,0.220265,0.0165902,0.246587,0.290285,0.669587,1.71E-15,3.05084,3.0127,2.8252,7.00833,0,0,0,0,0,0,0,0
0.761733,0.250022,0.220265,0.016545,0.241203,0.282636,0.668013,1.75E-15,3.22511,3.10823,2.96357,7.30755,0,0,0,0,0,0,0,0
0.765233,0.250022,0.220265,0.0165205,0.239327,0.281954,0.669744,1.73E-15,3.20006,3.02068,2.8929,6.91112,0,0,0,0,0,0,0,0
0.769033,0.250022,0.227919,0.0165007,0.234467,0.277428,0.629369,1.72E-15,3.14763,3.04671,3.11293,6.70437,0,0,0,0,0,0,0,0
0.772383,0.250022,0.227919,0.0164809,0.237844,0.279273,0.657687,1.76E-15,3.28507,3.09974,2.88829,7.08997,0,0,0,0,0,0,0,0
0.775917,0.250022,0.227919,0.0164639,0.243199,0.279911,0.783593,1.75E-15,3.29135,3.05156,3.47941,6.99044,0,0,0,0,0,0,0,0
0.7798,0.250022,0.227919,0.016446,0.238164,0.277041,0.758019,1.72E-15,3.24439,2.96609,3.44082,6.6531,0,0,0,0,0,0,0,0
0.783083,0.250022,0.232775,0.0164431,0.237194,0.277381,0.752227,1.74E-15,3.2994,3.01532,3.37258,6.85659,0,0,0,0,0,0,0,0
0.786333,0.250022,0.232775,0.0164402,0.239231,0.276831,0.732088,1.73E-15,3.27651,3.06834,3.41509,6.61005,0,0,0,0,0,0,0,0
0.789733,0.250022,0.232775,0.0164368,0.237486,0.2743,0.707079,1.72E-15,3.21829,3.05575,3.42958,6.74707,0,0,0,0,0,0,0,0
0.7931,0.250022,0.232775,0.0164338,0.238141,0.275088,0.682124,1.74E-15,3.18925,3.08379,3.51075,7.10292,0,0,0,0,0,0,0,0
0.7966,0.250022,0.232775,0.0164313,0.236038,0.276577,0.745623,1.71E-15,3.16705,3.05966,3.34823,6.84523,0,0,0,0,0,0,0,0
0.799883,0.250022,0.235547,0.016431,0.23402,0.276626,0.713304,1.73E-15,3.13993,3.07938,3.52904,7.15,0,0,0,0,0,0,0,0
0.803267,0.250022,0.235547,0.0164305,0.232248,0.274124,0.693099,1.75E-15,3.19393,3.07344,3.56693,7.22447,0,0,0,0,0,0,0,0
0.80665,0.250022,0.235547,0.0164302,0.228553,0.270885,0.668534,1.73E-15,3.17077,3.07371,3.70177,7.11626,0,0,0,0,0,0,0,0
0.810033,0.250022,0.235547,0.0164298,0.22997,0.270889,0.660959,1.74E-15,3.10451,3.05099,3.57862,7.36425,0,0,0,0,0,0,0,0
0.81355,0.250022,0.235547,0.0164261,0.231759,0.274939,0.647495,1.74E-15,3.06519,2.98675,3.5792,7.31845,0,0,0,0,0,0,0,0
0.816817,0.250022,0.237258,0.0164139,0.229945,0.272954,0.633138,1.72E-15,3.05452,2.95464,3.52328,7.16175,0,0,0,0,0,0,0,0
0.820183,0.250022,0.237258,0.0164034,0.231731,0.274852,0.625367,1.74E-15,3.23537,2.98144,3.49351,7.35829,0,0,0,0,0,0,0,0
0.823567,0.250022,0.237258,0.0163912,0.236611,0.280182,0.642653,1.73E-15,3.18999,2.99147,3.2397,7.14699,0,0,0,0,0,0,0,0
0.826967,0.250022,0.237258,0.0163808,0.23291,0.277652,0.634019,1.73E-15,3.20171,2.9568,3.18083,7.12197,0,0,0,0,0,0,0,0
0.83045,0.250022,0.237258,0.016374,0.231798,0.276842,0.603076,1.74E-15,3.30066,2.96817,3.3969,7.14177,0,0,0,0,0,0,0,0
0.833733,0.250022,0.237919,0.0163745,0.231013,0.276196,0.59385,1.72E-15,3.32285,2.928,3.33756,6.93546,0,0,0,0,0,0,0,0
0.837117,0.250022,0.237919,0.016375,0.227201,0.272615,0.582342,1.73E-15,3.36597,2.95702,3.32284,7.20499,0,0,0,0,0,0,0,0
0.8405,0.250022,0.237919,0.0163755,0.226774,0.273341,0.594624,1.75E-15,3.29884,2.98144,3.23433,7.247,0,0,0,0,0,0,0,0
0.8439,0.250022,0.237919,0.016376,0.229491,0.274326,0.594896,1.73E-15,3.21594,2.93418,3.0487,7.07101,0,0,0,0,0,0,0,0
0.8474,0.250022,0.237919,0.0163731,0.22911,0.271824,0.592538,1.72E-15,3.12413,2.93567,2.97925,6.99723,0,0,0,0,0,0,0,0
0.852483,0.250022,0.2393,0.0163629,0.234664,0.278487,0.642868,1.72E-15,3.19862,3.02008,3.0471,6.84699,0,0,0,0,0,0,0,0
0.855867,0.250022,0.2393,0.0163557,0.242397,0.284357,0.624627,1.71E-15,3.20828,3.0337,3.07738,6.89759,0,0,0,0,0,0,0,0
0.859383,0.250022,0.2393,0.0163496,0.242454,0.283904,0.621825,1.74E-15,3.14927,3.03181,3.03314,7.19712,0,0,0,0,0,0,0,0
0.863133,0.250022,0.2393,0.0163425,0.236127,0.276307,0.608176,1.72E-15,3.16861,3.09002,2.98513,6.92504,0,0,0,0,0,0,0,0
0.866283,0.250022,0.240208,0.0163397,0.234694,0.276608,0.613135,1.72E-15,3.14119,3.05663,2.87644,7.26398,0,0,0,0,0,0,0,0
0.869667,0.250022,0.240208,0.0163368,0.235278,0.277535,0.603183,1.74E-15,3.10726,3.03018,2.84846,7.36091,0,0,0,0,0,0,0,0
0.873067,0.250022,0.240208,0.0163335,0.237446,0.278886,0.598874,1.73E-15,3.07659,2.99669,2.78774,7.1004,0,0,0,0,0,0,0,0
0.876567,0.250022,0.240208,0.0163307,0.232894,0.275206,0.581729,1.73E-15,3.07774,3.01322,2.86599,7.00241,0,0,0,0,0,0,0,0
0.879933,0.250022,0.240208,0.0163321,0.233582,0.276576,0.579938,1.75E-15,3.0201,2.95364,3.00576,6.98217,0,0,0,0,0,0,0,0
0.884767,0.250022,0.242123,0.0163488,0.23406,0.274491,0.566768,1.72E-15,3.01803,2.90037,2.9796,6.8133,0,0,0,0,0,0,0,0
0.888167,0.250022,0.242123,0.0163618,0.242585,0.282301,0.575393,1.74E-15,3.10794,2.95608,2.81832,7.12862,0,0,0,0,0,0,0,0
0.891533,0.250022,0.242123,0.016373,0.244926,0.284634,0.608336,1.74E-15,3.09625,2.92138,2.93514,7.00465,0,0,0,0,0,0,0,0
0.894933,0.250022,0.242123,0.016386,0.244516,0.28468,0.606859,1.72E-15,3.09263,2.94854,2.85455,7.10031,0,0,0,0,0,0,0,0
0.898367,0.250022,0.242123,0.0164014,0.2451,0.286296,0.604643,1.73E-15,3.05692,2.93288,3.0866,7.14088,0,0,0,0,0,0,0,0
0.902067,0.250022,0.243173,0.0164202,0.244974,0.28522,0.625097,1.73E-15,3.00927,2.92465,3.00934,7.0791,0,0,0,0,0,0,0,0
0.90535,0.250022,0.243173,0.0164391,0.244461,0.283713,0.62326,1.73E-15,3.02761,2.92979,2.98012,6.97997,0,0,0,0,0,0,0,0
0.908717,0.250022,0.243173,0.0164553,0.243557,0.28172,0.618148,1.74E-15,3.02191,2.95101,2.93388,7.19071,0,0,0,0,0,0,0,0
0.913117,0.250022,0.243173,0.0164759,0.244791,0.284603,0.607672,1.73E-15,3.0257,2.8769,2.96474,6.98386,0,0,0,0,0,0,0,0
0.916267,0.250022,0.244552,0.0164807,0.245578,0.285558,0.602835,1.72E-15,3.00177,2.92486,2.92928,6.96231,0,0,0,0,0,0,0,0
0.91965,0.250022,0.244552,0.0164856,0.2477,0.289281,0.600257,1.74E-15,3.02958,2.88195,2.87235,7.07569,0,0,0,0,0,0,0,0
0.92305,0.250022,0.244552,0.0164913,0.247065,0.287937,0.611665,1.74E-15,3.04105,2.88186,2.92128,6.96482,0,0,0,0,0,0,0,0
0.926417,0.250022,0.244552,0.0164962,0.248597,0.288139,0.615589,1.72E-15,3.00686,2.8874,2.86783,6.85925,0,0,0,0,0,0,0,0
0.9299,0.250022,0.244552,0.0165008,0.248994,0.289977,0.619902,1.73E-15,2.97842,2.88603,2.83741,6.85085,0,0,0,0,0,0,0,0
0.935917,0.250022,0.246453,0.0165039,0.245655,0.286332,0.617272,1.71E-15,3.0117,2.93613,2.89112,6.66386,0,0,0,0,0,0,0,0
0.939183,0.250022,0.246453,0.0165059,0.250472,0.292404,0.635452,1.73E-15,3.03398,2.98147,3.14152,6.79047,0,0,0,0,0,0,0,0
0.942567,0.250022,0.246453,0.0165076,0.248135,0.292189,0.630949,1.73E-15,3.04302,3.0145,3.15716,6.77594,0,0,0,0,0,0,0,0
0.946467,0.250022,0.246453,0.0165102,0.247537,0.29212,0.637054,1.72E-15,3.00486,3.02374,3.04486,6.55746,0,0,0,0,0,0,0,0
0.94985,0.250022,0.248019,0.0165126,0.244615,0.288414,0.623758,1.73E-15,3.01274,3.02334,3.09812,6.59708,0,0,0,0,0,0,0,0
0.95325,0.250022,0.248019,0.0165155,0.245302,0.288094,0.619064,1.73E-15,3.07686,3.07351,3.05763,6.63127,0,0,0,0,0,0,0,0
0.956633,0.250022,0.248019,0.016518,0.245791,0.288836,0.613529,1.72E-15,3.06509,3.04815,3.06363,6.63001,0,0,0,0,0,0,0,0
0.960017,0.250022,0.248019,0.0165208,0.244783,0.288282,0.610272,1.74E-15,3.10034,3.06993,3.03061,6.76178,0,0,0,0,0,0,0,0
0.963533,0.250022,0.248019,0.0165222,0.243082,0.285721,0.594088,1.73E-15,3.10935,3.09118,3.13006,6.68572,0,0,0,0,0,0,0,0
0.966783,0.250022,0.24951,0.0165214,0.242249,0.285424,0.589403,1.72E-15,3.09459,3.09559,3.10005,6.71631,0,0,0,0,0,0,0,0
0.970167,0.250022,0.24951,0.0165206,0.241641,0.285024,0.586145,1.73E-15,3.06678,3.07324,3.07356,6.79251,0,0,0,0,0,0,0,0
0.97355,0.250022,0.24951,0.0165197,0.241791,0.285066,0.583905,1.73E-15,3.00935,3.03146,3.03388,6.6216,0,0,0,0,0,0,0,0
0.976933,0.250022,0.24951,0.0165189,0.241629,0.285272,0.588416,1.72E-15,3.02343,2.99951,2.95572,6.61504,0,0,0,0,0,0,0,0
0.980433,0.250022,0.24951,0.0165176,0.24281,0.286522,0.584063,1.74E-15,3.09112,2.95711,2.93051,6.68917,0,0,0,0,0,0,0,0
0.983717,0.250022,0.250173,0.0165159,0.241681,0.286541,0.576779,1.73E-15,3.07365,2.94216,2.94303,6.60512,0,0,0,0,0,0,0,0
0.9871,0.250022,0.250173,0.0165139,0.240808,0.284674,0.574341,1.73E-15,3.04013,2.92637,2.891,6.65207,0,0,0,0,0,0,0,0
0.990483,0.250022,0.250173,0.0165122,0.238123,0.281609,0.57436,1.74E-15,3.05772,2.92922,2.87834,6.77768,0,0,0,0,0,0,0,0
0.993867,0.250022,0.250173,0.0165102,0.239156,0.284283,0.589919,1.74E-15,3.04953,3.00366,2.89034,6.72603,0,0,0,0,0,0,0,0
0.997383,0.250022,0.250173,0.0165092,0.23901,0.28327,0.5848,1.73E-15,3.05416,2.99548,2.89162,6.64207,0,0,0,0,0,0,0,0
1.00063,0.250022,0.250232,0.016509,0.239196,0.282669,0.573093,1.74E-15,3.03984,2.98507,2.94928,6.85199,0,0,0,0,0,0,0,0
1.00402,0.250022,0.250232,0.0165088,0.239424,0.281856,0.565416,1.74E-15,3.01477,2.9787,2.97615,6.85014,0,0,0,0,0,0,0,0
1.00742,0.250022,0.250232,0.0165085,0.238639,0.279749,0.562396,1.73E-15,3.00937,3.013,2.97068,6.79222,0,0,0,0,0,0,0,0
1.01078,0.250022,0.250232,0.0165083,0.238498,0.280047,0.576264,1.74E-15,2.99651,2.98305,2.89744,6.93284,0,0,0,0,0,0,0,0
1.01428,0.250022,0.250232,0.0165087,0.237791,0.27959,0.600408,1.74E-15,2.99733,2.98739,2.85859,6.87366,0,0,0,0,0,0,0,0
1.01912,0.250022,0.250281,0.0165097,0.236466,0.279139,0.592894,1.74E-15,2.98531,2.99201,2.86225,6.95167,0,0,0,0,0,0,0,0
1.02252,0.250022,0.250281,0.0165106,0.236606,0.278913,0.598248,1.75E-15,2.99388,2.98076,2.84606,6.97672,0,0,0,0,0,0,0,0
1.0259,0.250022,0.250281,0.0165113,0.237884,0.280481,0.594608,1.74E-15,2.98189,2.98928,2.83172,6.89503,0,0,0,0,0,0,0,0
1.02978,0.250022,0.250281,0.0165124,0.240707,0.283027,0.595157,1.75E-15,3.05463,3.06026,2.77728,6.86301,0,0,0,0,0,0,0,0
1.03318,0.250022,0.250003,0.0165136,0.24102,0.282859,0.601344,1.74E-15,3.02675,3.05223,2.71777,6.82068,0,0,0,0,0,0,0,0
1.03658,0.250022,0.250003,0.0165149,0.241236,0.283363,0.602186,1.73E-15,2.98978,3.01355,2.68132,6.81403,0,0,0,0,0,0,0,0
1.03995,0.250022,0.250003,0.0165161,0.241035,0.283662,0.609284,1.75E-15,2.99665,2.98981,2.67231,7.00989,0,0,0,0,0,0,0,0
1.04335,0.250022,0.250003,0.0165175,0.239963,0.282285,0.601099,1.74E-15,2.99618,2.97845,2.69195,6.97799,0,0,0,0,0,0,0,0
1.04687,0.250022,0.250003,0.0165189,0.239092,0.280855,0.608703,1.73E-15,3.00375,2.96919,2.68211,6.85745,0,0,0,0,0,0,0,0
1.05142,0.500044,0.249873,0.0205963,0.240845,0.283612,0.618822,1.74E-15,2.99623,3.00539,2.69626,6.83238,0,0,0,0,0,0,0,0
1.0548,0.500044,0.249873,0.0247505,0.243355,0.285219,0.62322,1.73E-15,3.04109,3.03237,2.72046,6.76078,0,0,0,0,0,0,0,0
1.05818,0.500044,0.249873,0.0283113,0.252034,0.292492,0.632015,1.74E-15,3.16411,3.16976,2.739,6.96223,0,0,0,0,0,0,0,0
1.06158,0.500044,0.249873,0.0324655,0.269843,0.309925,0.666601,1.74E-15,3.6608,3.57768,3.23031,6.91134,0,0,0,0,0,0,0,0
1.065,0.500044,0.249873,0.0330611,0.308673,0.35422,0.875858,1.74E-15,4.09473,4.22488,4.36893,7.09125,0,0,0,0,0,0,0,0
1.0686,0.500044,0.252549,0.0330642,0.39635,0.446292,1.02617,1.78E-15,4.72822,4.60111,4.22723,7.36591,0,0,0,0,0,0,0,0
1.07202,0.500044,0.252549,0.0330672,0.438366,0.484221,1.21111,1.72E-15,3.9233,3.87001,3.45806,6.8939,0,0,0,0,0,0,0,0
1.07538,0.500044,0.252549,0.0330699,0.46371,0.51033,1.22117,1.74E-15,3.63231,3.58224,3.14642,7.0287,0,0,0,0,0,0,0,0
1.07978,0.500044,0.252549,0.0330692,0.454307,0.498641,1.16159,1.76E-15,3.36908,3.38729,3.02298,7.00573,0,0,0,0,0,0,0,0
1.08312,0.500044,0.269348,0.0330582,0.462647,0.507013,1.12396,1.71E-15,3.29835,3.19985,3.14765,6.83312,0,0,0,0,0,0,0,0
1.08648,0.500044,0.269348,0.0330453,0.472585,0.520492,1.14129,1.74E-15,3.14695,3.00981,2.85607,7.18183,0,0,0,0,0,0,0,0
1.08982,0.500044,0.269348,0.0330343,0.46947,0.520898,1.18803,1.75E-15,2.96014,2.99814,2.6817,7.36647,0,0,0,0,0,0,0,0
1.0932,0.500044,0.269348,0.0330232,0.482742,0.541221,1.24196,1.70E-15,3.08681,3.08284,2.50778,7.03904,0,0,0,0,0,0,0,0
1.0967,0.500044,0.269348,0.0329981,0.485612,0.542693,1.20393,1.72E-15,3.17735,3.00548,2.71118,7.13119,0,0,0,0,0,0,0,0
1.1025,0.500044,0.342127,0.0329105,0.479963,0.528498,1.28049,1.70E-15,3.07234,2.93453,2.49398,6.48848,0,0,0,0,0,0,0,0
1.10585,0.500044,0.342127,0.0328548,0.490402,0.534787,1.29342,1.74E-15,3.1202,2.92232,2.44543,7.22123,0,0,0,0,0,0,0,0
1.1092,0.500044,0.342127,0.032807,0.492609,0.537453,1.25156,1.73E-15,3.18469,2.89019,2.57063,6.94866,0,0,0,0,0,0,0,0
1.11388,0.500044,0.342127,0.0327414,0.487686,0.543028,1.22009,1.72E-15,3.12751,2.86189,2.54947,6.62995,0,0,0,0,0,0,0,0
1.1179,0.500044,0.402085,0.0326607,0.485928,0.541268,1.22168,1.71E-15,3.03421,2.78027,2.58558,6.31238,0,0,0,0,0,0,0,0
1.12133,0.500044,0.402085,0.032598,0.477496,0.534626,1.17757,1.69E-15,3.48048,3.50369,2.59985,6.15507,0,0,0,0,0,0,0,0
1.12467,0.500044,0.402085,0.0325443,0.470789,0.528535,1.13545,1.73E-15,3.34486,3.40255,2.71534,6.17058,0,0,0,0,0,0,0,0
1.12802,0.500044,0.402085,0.0324905,0.461079,0.516037,1.05752,1.71E-15,3.27736,3.32625,2.88681,6.10402,0,0,0,0,0,0,0,0
1.13147,0.500044,0.402085,0.0324455,0.485128,0.542389,1.0362,1.69E-15,3.08999,3.16659,2.8377,6.1402,0,0,0,0,0,0,0,0
1.13475,0.500044,0.430219,0.032413,0.476301,0.528975,1.01853,1.73E-15,3.05453,3.18861,2.78064,6.3967,0,0,0,0,0,0,0,0
1.13813,0.500044,0.430219,0.0323751,0.459824,0.516075,0.940373,1.69E-15,3.02918,3.15206,3.03524,6.34313,0,0,0,0,0,0,0,0
1.14147,0.500044,0.430219,0.0323426,0.45153,0.509643,0.913154,1.72E-15,3.06711,3.13004,3.12104,6.69734,0,0,0,0,0,0,0,0
1.14498,0.500044,0.430219,0.0323047,0.446167,0.506184,0.97905,1.74E-15,3.03091,3.08888,2.88641,6.72175,0,0,0,0,0,0,0,0
1.1485,0.500044,0.430219,0.0322887,0.44096,0.504919,0.948661,1.71E-15,3.09446,3.1335,2.92257,6.56115,0,0,0,0,0,0,0,0
1.15175,0.500044,0.444743,0.0322739,0.440853,0.502451,0.951537,1.72E-15,3.01889,3.11446,2.82335,6.84324,0,0,0,0,0,0,0,0
1.15513,0.500044,0.444743,0.0322612,0.439064,0.501704,1.01053,1.72E-15,3.05102,3.04998,3.15441,6.57024,0,0,0,0,0,0,0,0
1.15852,0.500044,0.444743,0.0322464,0.437994,0.499436,0.977926,1.72E-15,3.04499,3.04762,3.2514,6.65406,0,0,0,0,0,0,0,0
1.16185,0.500044,0.444743,0.0322337,0.45146,0.510382,1.11448,1.76E-15,3.00662,3.01477,3.20506,6.93452,0,0,0,0,0,0,0,0
1.16542,0.500044,0.444743,0.0322174,0.452455,0.512619,1.11673,1.72E-15,2.95445,3.00907,3.01891,6.72892,0,0,0,0,0,0,0,0
1.16872,0.500044,0.450362,0.0322008,0.444576,0.509997,1.18445,1.74E-15,3.03151,2.99354,2.78036,7.02512,0,0,0,0,0,0,0,0
1.1721,0.500044,0.450362,0.0321866,0.461699,0.522296,1.22793,1.73E-15,2.9921,2.94992,2.79015,7.0442,0,0,0,0,0,0,0,0
1.17548,0.500044,0.450362,0.03217,0.459478,0.515421,1.24824,1.72E-15,2.96685,2.97615,2.64207,6.93733,0,0,0,0,0,0,0,0
1.17978,0.500044,0.450362,0.0321546,0.454253,0.512904,1.18695,1.73E-15,2.96852,3.06023,2.76285,6.84292,0,0,0,0,0,0,0,0
1.1848,0.500044,0.451561,0.0321491,0.4525,0.510735,1.16992,1.71E-15,2.9007,3.11899,2.80392,6.62705,0,0,0,0,0,0,0,0
1.18815,0.500044,0.451561,0.0321449,0.460281,0.517398,1.15548,1.74E-15,3.00191,3.07909,2.79733,6.87617,0,0,0,0,0,0,0,0
1.1915,0.500044,0.451561,0.0321412,0.46481,0.52033,1.13386,1.72E-15,2.98743,3.05408,2.79754,6.79384,0,0,0,0,0,0,0,0
1.19507,0.500044,0.451561,0.032137,0.463536,0.513741,1.09452,1.73E-15,2.98385,3.0733,2.90499,6.83278,0,0,0,0,0,0,0,0
1.19857,0.500044,0.451561,0.0321365,0.468561,0.522116,1.1375,1.72E-15,3.03064,3.12345,2.77566,6.74593,0,0,0,0,0,0,0,0
1.20183,0.500044,0.455052,0.0321366,0.466779,0.520388,1.13135,1.71E-15,3.02117,3.09563,2.7231,6.56985,0,0,0,0,0,0,0,0
1.20523,0.500044,0.455052,0.0321368,0.477197,0.525487,1.16067,1.72E-15,3.00003,3.09011,2.60557,6.77299,0,0,0,0,0,0,0,0
1.20863,0.500044,0.455052,0.032137,0.470808,0.521947,1.17877,1.74E-15,3.03984,3.06866,2.6729,6.87095,0,0,0,0,0,0,0,0
1.21312,0.500044,0.455052,0.032137,0.480909,0.53445,1.31549,1.71E-15,3.09165,3.27052,3.01487,6.52112,0,0,0,0,0,0,0,0
1.21643,0.500044,0.459004,0.0321366,0.486942,0.539417,1.32898,1.73E-15,3.01178,3.17129,2.91532,6.8693,0,0,0,0,0,0,0,0
1.21982,0.500044,0.459004,0.0321361,0.481732,0.53701,1.26861,1.74E-15,3.03578,3.15044,3.06265,6.83245,0,0,0,0,0,0,0,0
1.2244,0.500044,0.459004,0.0321356,0.47534,0.533009,1.22687,1.73E-15,3.04245,3.13106,3.13027,6.84674,0,0,0,0,0,0,0,0
1.22667,0.500044,0.459004,0.0321351,0.476698,0.532334,1.26505,1.75E-15,2.96718,3.06532,2.92185,7.08636,0,0,0,0,0,0,0,0
1.23007,0.500044,0.459004,0.032133,0.470617,0.527401,1.22303,1.74E-15,2.97591,3.06695,2.9963,7.0104,0,0,0,0,0,0,0,0
1.23498,0.500044,0.464593,0.0321239,0.473977,0.532533,1.29664,1.75E-15,2.93307,3.12692,3.12473,7.14828,0,0,0,0,0,0,0,0
1.23847,0.500044,0.464593,0.0321184,0.482786,0.543662,1.29516,1.77E-15,2.92522,3.08747,3.0107,7.20799,0,0,0,0,0,0,0,0
1.24187,0.500044,0.464593,0.032112,0.478669,0.536526,1.25608,1.75E-15,2.88235,3.06171,3.05408,7.01131,0,0,0,0,0,0,0,0
1.24515,0.500044,0.464593,0.0321066,0.480795,0.539461,1.23409,1.76E-15,2.8156,3.01542,3.09571,7.25686,0,0,0,0,0,0,0,0
1.24883,0.500044,0.464593,0.0320965,0.479771,0.540535,1.23024,1.75E-15,2.87486,3.01522,3.08752,7.01597,0,0,0,0,0,0,0,0
1.25215,0.500044,0.469583,0.0320858,0.48372,0.539607,1.22863,1.74E-15,2.86338,2.97384,3.01795,7.00425,0,0,0,0,0,0,0,0
1.25755,0.500044,0.469583,0.0320767,0.484411,0.53806,1.19018,1.76E-15,2.87132,3.00089,3.10849,7.20495,0,0,0,0,0,0,0,0
1.25887,0.500044,0.469583,0.032066,0.490463,0.544787,1.17789,1.75E-15,3.01649,2.99425,3.13215,7.08045,0,0,0,0,0,0,0,0
1.26312,0.500044,0.469583,0.0320551,0.485314,0.541179,1.17811,1.74E-15,2.9735,2.96176,3.04646,6.96527,0,0,0,0,0,0,0,0
1.26825,0.500044,0.472842,0.0320468,0.491539,0.547138,1.21047,1.73E-15,2.97447,2.97036,2.85985,7.03464,0,0,0,0,0,0,0,0
1.27163,0.500044,0.472842,0.0320419,0.48873,0.545136,1.17763,1.72E-15,2.99695,3.01603,2.95345,7.06242,0,0,0,0,0,0,0,0
1.27502,0.500044,0.472842,0.0320361,0.492661,0.546914,1.14923,1.74E-15,2.96447,3.03965,2.99784,7.35194,0,0,0,0,0,0,0,0
1.2784,0.500044,0.472842,0.0320311,0.494432,0.550676,1.15274,1.73E-15,2.91554,3.03468,3.0033,7.22584,0,0,0,0,0,0,0,0
1.28188,0.500044,0.472842,0.032033,0.493953,0.551668,1.13125,1.73E-15,2.90774,2.97646,3.04962,7.23411,0,0,0,0,0,0,0,0
1.28517,0.500044,0.476909,0.0320357,0.490245,0.545373,1.12884,1.74E-15,2.90027,2.98406,3.01822,7.32303,0,0,0,0,0,0,0,0
1.28855,0.500044,0.476909,0.032039,0.487378,0.543256,1.12635,1.73E-15,2.92702,3.00075,3.0643,7.14438,0,0,0,0,0,0,0,0
1.29197,0.500044,0.476909,0.0320417,0.483867,0.539847,1.12587,1.73E-15,2.90746,2.98615,2.98429,7.1125,0,0,0,0,0,0,0,0
1.29645,0.500044,0.476909,0.0320473,0.485632,0.537619,1.11127,1.74E-15,2.94567,2.97715,3.05059,7.07025,0,0,0,0,0,0,0,0
1.29975,0.500044,0.480589,0.0320545,0.489801,0.541592,1.11554,1.72E-15,2.93333,3.00391,2.9976,7.00142,0,0,0,0,0,0,0,0
1.30313,0.500044,0.480589,0.0320629,0.483396,0.536424,1.11779,1.74E-15,2.94699,2.99508,2.9324,7.23746,0,0,0,0,0,0,0,0
1.30653,0.500044,0.480589,0.0320701,0.484425,0.537201,1.13538,1.74E-15,2.91336,2.99515,3.15954,7.25432,0,0,0,0,0,0,0,0
1.3099,0.500044,0.480589,0.0320786,0.477321,0.532904,1.12839,1.73E-15,2.95416,2.99886,3.10131,7.14,0,0,0,0,0,0,0,0
1.31342,0.500044,0.480589,0.0320859,0.479982,0.536551,1.11708,1.73E-15,2.99236,3.00529,3.09929,7.12406,0,0,0,0,0,0,0,0
1.31668,0.500044,0.482868,0.0320949,0.482619,0.540037,1.15001,1.74E-15,2.97161,3.02241,3.13443,7.03978,0,0,0,0,0,0,0,0
1.32007,0.500044,0.482868,0.0321025,0.484372,0.540127,1.14262,1.73E-15,2.95401,2.9951,3.10984,6.90307,0,0,0,0,0,0,0,0
1.32345,0.500044,0.482868,0.0321115,0.482854,0.539289,1.12539,1.73E-15,2.95361,2.98946,3.12572,7.01682,0,0,0,0,0,0,0,0
1.32683,0.500044,0.482868,0.0321192,0.48087,0.539088,1.09981,1.75E-15,2.96576,3.00892,3.20668,7.15131,0,0,0,0,0,0,0,0
1.33032,0.500044,0.482868,0.0321269,0.477796,0.534683,1.07651,1.72E-15,2.9677,3.02652,3.25113,7.0588,0,0,0,0,0,0,0,0
1.33372,0.500044,0.483352,0.032132,0.477351,0.533914,1.07255,1.73E-15,2.97041,3.01159,3.23148,7.20201,0,0,0,0,0,0,0,0
1.33698,0.500044,0.483352,0.032138,0.481561,0.537892,1.06088,1.74E-15,2.96912,3.00483,3.24903,7.24701,0,0,0,0,0,0,0,0
1.34037,0.500044,0.483352,0.0321431,0.490431,0.546219,1.08173,1.73E-15,2.96709,3.00325,3.22279,7.15065,0,0,0,0,0,0,0,0
1.34377,0.500044,0.483352,0.0321491,0.483374,0.539769,1.09372,1.74E-15,2.99756,3.01832,3.14629,7.31145,0,0,0,0,0,0,0,0
1.34725,0.500044,0.483352,0.0321522,0.481289,0.538974,1.08653,1.74E-15,2.97542,3.03007,3.14209,7.25149,0,0,0,0,0,0,0,0
1.35157,0.500044,0.484313,0.0321538,0.476607,0.534521,1.06805,1.73E-15,2.98125,3.02543,3.15737,7.1839,0,0,0,0,0,0,0,0
1.35495,0.500044,0.484313,0.0321548,0.483395,0.540322,1.08868,1.74E-15,2.98626,3.03682,3.09574,7.23963,0,0,0,0,0,0,0,0
1.35835,0.500044,0.484313,0.0321561,0.487486,0.544712,1.10997,1.73E-15,2.99791,3.01249,3.02329,7.20289,0,0,0,0,0,0,0,0
1.36173,0.500044,0.484313,0.0321571,0.489314,0.546322,1.10254,1.73E-15,3.04576,3.04191,2.99775,7.25018,0,0,0,0,0,0,0,0
1.36522,0.500044,0.484313,0.0321601,0.490038,0.546167,1.16284,1.74E-15,3.03658,3.02933,3.05333,7.31956,0,0,0,0,0,0,0,0
1.3685,0.500044,0.485853,0.0321628,0.491454,0.547744,1.16025,1.73E-15,3.02049,3.02739,3.03103,7.22875,0,0,0,0,0,0,0,0
1.37188,0.500044,0.485853,0.032166,0.494527,0.550201,1.19012,1.73E-15,3.0042,3.00619,2.98267,7.26994,0,0,0,0,0,0,0,0
1.37542,0.500044,0.485853,0.0321688,0.496019,0.549778,1.17609,1.74E-15,2.9752,3.02681,2.997,7.30468,0,0,0,0,0,0,0,0
1.37978,0.500044,0.485853,0.0321723,0.496828,0.553468,1.15979,1.73E-15,3.03022,3.15954,3.03149,7.15233,0,0,0,0,0,0,0,0
1.38308,0.500044,0.487401,0.0321734,0.49459,0.550803,1.14001,1.74E-15,3.02694,3.16034,3.08213,7.20261,0,0,0,0,0,0,0,0
1.38647,0.500044,0.487401,0.0321746,0.489971,0.546547,1.12553,1.75E-15,3.0454,3.15314,3.08637,7.2908,0,0,0,0,0,0,0,0
1.38987,0.500044,0.487401,0.0321757,0.488133,0.544478,1.10777,1.74E-15,3.03427,3.15383,3.13518,7.24683,0,0,0,0,0,0,0,0
1.39325,0.500044,0.487401,0.0321769,0.493392,0.549389,1.13213,1.74E-15,3.11518,3.17501,3.14559,7.26597,0,0,0,0,0,0,0,0
1.39673,0.500044,0.487401,0.0321769,0.493067,0.549797,1.1435,1.74E-15,3.09525,3.13242,3.06127,7.24623,0,0,0,0,0,0,0,0
1.40027,0.500044,0.489606,0.0321744,0.495176,0.550165,1.13931,1.74E-15,3.06819,3.10505,3.05188,7.20094,0,0,0,0,0,0,0,0
1.4034,0.500044,0.489606,0.0321723,0.492617,0.547915,1.12296,1.73E-15,3.07621,3.10083,3.09438,7.1261,0,0,0,0,0,0,0,0
1.40678,0.500044,0.489606,0.0321698,0.488658,0.542282,1.11194,1.74E-15,3.07591,3.11501,3.08462,7.2111,0,0,0,0,0,0,0,0
1.41017,0.500044,0.489606,0.0321676,0.488919,0.542172,1.11738,1.74E-15,3.05589,3.0996,3.02806,7.22959,0,0,0,0,0,0,0,0
1.41365,0.500044,0.489606,0.0321656,0.491428,0.543241,1.11333,1.73E-15,3.04458,3.07955,2.99912,7.14786,0,0,0,0,0,0,0,0
1.41695,0.500044,0.490736,0.0321644,0.494517,0.546638,1.10856,1.74E-15,3.04942,3.09283,2.97802,7.27627,0,0,0,0,0,0,0,0
1.42033,0.500044,0.490736,0.0321631,0.495543,0.54604,1.10539,1.74E-15,3.03766,3.09424,2.94883,7.25027,0,0,0,0,0,0,0,0
1.42372,0.500044,0.490736,0.0321619,0.495785,0.546309,1.10165,1.74E-15,3.05013,3.10169,2.95793,7.18524,0,0,0,0,0,0,0,0
1.4271,0.500044,0.490736,0.0321606,0.497005,0.548253,1.10647,1.74E-15,3.01893,3.07695,2.92595,7.2445,0,0,0,0,0,0,0,0
1.43058,0.500044,0.490736,0.0321606,0.496719,0.548874,1.11673,1.74E-15,3.00172,3.05599,2.85357,7.23693,0,0,0,0,0,0,0,0
1.43497,0.500044,0.491083,0.0321621,0.498913,0.549796,1.11374,1.73E-15,2.99946,3.05065,2.81948,7.1368,0,0,0,0,0,0,0,0
1.43828,0.500044,0.491083,0.0321632,0.499105,0.551091,1.1024,1.74E-15,3.00427,3.06507,2.83849,7.17496,0,0,0,0,0,0,0,0
1.44167,0.500044,0.491083,0.0321644,0.498367,0.551107,1.11624,1.74E-15,2.99936,3.07186,2.79459,7.21648,0,0,0,0,0,0,0,0
1.44507,0.500044,0.491083,0.0321654,0.495678,0.549489,1.12013,1.73E-15,2.99968,3.07185,2.7596,7.14246,0,0,0,0,0,0,0,0
1.44855,0.500044,0.491083,0.0321672,0.493759,0.547903,1.10412,1.73E-15,3.00091,3.06601,2.7985,7.14685,0,0,0,0,0,0,0,0
1.45183,0.500044,0.49222,0.0321688,0.495991,0.549498,1.14588,1.74E-15,2.99701,3.037,2.85816,7.1977,0,0,0,0,0,0,0,0
1.45522,0.500044,0.49222,0.0321707,0.496351,0.552357,1.1585,1.74E-15,2.97758,3.01865,2.8304,7.11204,0,0,0,0,0,0,0,0
1.45863,0.500044,0.49222,0.0321723,0.493883,0.549264,1.15721,1.74E-15,2.98367,3.02367,2.84073,7.17655,0,0,0,0,0,0,0,0
1.46312,0.500044,0.49222,0.0321748,0.491144,0.549155,1.16187,1.74E-15,2.9891,3.01075,2.80174,7.16179,0,0,0,0,0,0,0,0
1.46642,0.500044,0.493861,0.0321767,0.491668,0.552157,1.18837,1.73E-15,2.9945,2.99565,2.81152,7.11699,0,0,0,0,0,0,0,0
1.4698,0.500044,0.493861,0.032179,0.493541,0.552309,1.19887,1.74E-15,2.99516,3.03545,2.76885,7.21857,0,0,0,0,0,0,0,0
1.4732,0.500044,0.493861,0.0321809,0.491965,0.550955,1.19654,1.74E-15,2.99683,3.04242,2.77413,7.223,0,0,0,0,0,0,0,0
1.47657,0.500044,0.493861,0.0321832,0.493694,0.554176,1.21688,1.74E-15,3.00946,3.09111,2.96965,7.14067,0,0,0,0,0,0,0,0
1.48005,0.500044,0.493861,0.0321845,0.492256,0.551513,1.20364,1.73E-15,3.03212,3.09672,2.993,7.0753,0,0,0,0,0,0,0,0
1.48443,0.500044,0.494457,0.0321845,0.492686,0.551468,1.19283,1.74E-15,3.03309,3.08735,3.00106,7.09486,0,0,0,0,0,0,0,0
1.48672,0.500044,0.494457,0.0321845,0.494587,0.553758,1.20179,1.74E-15,3.04816,3.07851,2.9726,6.9868,0,0,0,0,0,0,0,0
1.4901,0.500044,0.494457,0.0321846,0.495889,0.553706,1.19906,1.73E-15,3.05607,3.08106,2.99194,6.92601,0,0,0,0,0,0,0,0
1.49348,0.500044,0.494457,0.0321846,0.494408,0.553061,1.21403,1.74E-15,3.07975,3.06412,2.96704,6.98667,0,0,0,0,0,0,0,0
1.49697,0.500044,0.494457,0.0321838,0.494328,0.551991,1.23089,1.74E-15,3.06626,3.04694,2.97303,6.99199,0,0,0,0,0,0,0,0
1.50022,0.500044,0.495016,0.0321821,0.492124,0.550448,1.22292,1.74E-15,3.06065,3.03603,2.99438,6.94347,0,0,0,0,0,0,0,0
1.50367,0.500044,0.495016,0.0321801,0.493228,0.549625,1.22205,1.73E-15,3.049,3.02085,2.96403,6.88242,0,0,0,0,0,0,0,0
1.50707,0.500044,0.495016,0.0321785,0.491006,0.547583,1.22748,1.74E-15,3.0532,3.0292,2.89653,6.91308,0,0,0,0,0,0,0,0
1.51043,0.500044,0.495016,0.0321765,0.493107,0.550355,1.23537,1.74E-15,3.0395,3.02877,2.87441,6.87907,0,0,0,0,0,0,0,0
1.51392,0.500044,0.495016,0.0321755,0.492029,0.549134,1.22282,1.73E-15,3.04073,3.02186,2.89636,6.82749,0,0,0,0,0,0,0,0
1.51825,0.500044,0.495782,0.0321751,0.496219,0.553466,1.22628,1.74E-15,3.03125,3.04744,2.8696,6.88444,0,0,0,0,0,0,0,0
1.52163,0.500044,0.495782,0.0321748,0.496033,0.553384,1.22114,1.74E-15,3.02609,3.06298,2.89963,6.91782,0,0,0,0,0,0,0,0
1.52502,0.500044,0.495782,0.0321745,0.495481,0.552094,1.23209,1.74E-15,3.02411,3.07147,2.88262,6.88083,0,0,0,0,0,0,0,0
1.5284,0.500044,0.495782,0.0321742,0.493804,0.551458,1.23072,1.73E-15,3.02193,3.07251,2.90941,6.81259,0,0,0,0,0,0,0,0
1.53188,0.500044,0.495782,0.0321751,0.493662,0.551592,1.22101,1.73E-15,3.02499,3.07259,2.93164,6.81356,0,0,0,0,0,0,0,0
1.53517,0.500044,0.496043,0.032176,0.493288,0.55168,1.21323,1.74E-15,3.02019,3.06336,2.94575,6.88859,0,0,0,0,0,0,0,0
1.53857,0.500044,0.496043,0.0321771,0.495252,0.552869,1.22658,1.74E-15,3.00521,3.04324,3.05741,6.89109,0,0,0,0,0,0,0,0
1.54195,0.500044,0.496043,0.0321781,0.493849,0.552075,1.22475,1.73E-15,3.0096,3.04523,3.02692,6.84052,0,0,0,0,0,0,0,0
1.54645,0.500044,0.496043,0.0321797,0.493981,0.551345,1.21425,1.73E-15,2.98738,3.03002,3.03712,6.86728,0,0,0,0,0,0,0,0
1.54975,0.500044,0.496914,0.0321813,0.494742,0.552829,1.21103,1.74E-15,2.9805,3.03435,3.02335,6.95474,0,0,0,0,0,0,0,0
1.55315,0.500044,0.496914,0.0321833,0.494028,0.551971,1.21149,1.73E-15,2.98134,3.03856,3.01458,6.9208,0,0,0,0,0,0,0,0
1.55653,0.500044,0.496914,0.0321849,0.494225,0.552183,1.20477,1.73E-15,2.97584,3.02361,3.01451,6.91725,0,0,0,0,0,0,0,0
1.55992,0.500044,0.496914,0.0321868,0.494147,0.552006,1.20256,1.74E-15,2.9732,3.00944,3.01326,6.97859,0,0,0,0,0,0,0,0
1.5634,0.500044,0.496914,0.0321883,0.494436,0.552906,1.19995,1.74E-15,2.96749,2.99654,3.02402,6.99065,0,0,0,0,0,0,0,0
1.56668,0.500044,0.497569,0.0321899,0.490967,0.549227,1.18647,1.73E-15,2.9781,3.01229,3.06002,6.94362,0,0,0,0,0,0,0,0
1.5701,0.500044,0.497569,0.0321912,0.489226,0.54783,1.17427,1.73E-15,2.98531,3.00522,3.092,6.92203,0,0,0,0,0,0,0,0
1.57345,0.500044,0.497569,0.0321927,0.491141,0.54928,1.17569,1.74E-15,2.98548,3.0235,3.06054,6.97326,0,0,0,0,0,0,0,0
1.57683,0.500044,0.497569,0.032194,0.491618,0.550623,1.17132,1.74E-15,2.97957,3.01379,3.05729,7.03061,0,0,0,0,0,0,0,0
1.58033,0.500044,0.497569,0.0321955,0.491483,0.550032,1.16514,1.74E-15,2.98588,3.01284,3.06285,6.99061,0,0,0,0,0,0,0,0
1.58362,0.500044,0.498145,0.0321969,0.491583,0.549492,1.16003,1.73E-15,2.97384,3.01147,3.0565,6.94304,0,0,0,0,0,0,0,0
1.587,0.500044,0.498145,0.0321984,0.493001,0.549585,1.17547,1.73E-15,2.95799,3.00747,2.99745,7.00748,0,0,0,0,0,0,0,0
1.59038,0.500044,0.498145,0.0321997,0.499428,0.554991,1.17503,1.74E-15,3.0035,3.03408,3.02886,7.08688,0,0,0,0,0,0,0,0
1.59377,0.500044,0.498145,0.0322013,0.498871,0.554988,1.17965,1.74E-15,3.01902,3.02733,3.01146,7.07376,0,0,0,0,0,0,0,0
1.59725,0.500044,0.498145,0.0322025,0.500832,0.557407,1.19178,1.73E-15,3.02195,3.02026,3.02146,7.01567,0,0,0,0,0,0,0,0
1.60158,0.500044,0.498316,0.0322042,0.499723,0.55614,1.18321,1.73E-15,3.01247,3.02852,3.01989,7.01811,0,0,0,0,0,0,0,0
1.60497,0.500044,0.498316,0.0322053,0.497907,0.554051,1.17778,1.74E-15,3.0113,3.04262,3.03336,7.11003,0,0,0,0,0,0,0,0
1.60835,0.500044,0.498316,0.0322066,0.496673,0.552864,1.16851,1.75E-15,3.00503,3.05266,3.05294,7.13891,0,0,0,0,0,0,0,0
1.61173,0.500044,0.498316,0.0322077,0.496228,0.552909,1.16376,1.75E-15,3.00142,3.04502,3.06535,7.14181,0,0,0,0,0,0,0,0
1.61523,0.500044,0.498316,0.03221,0.495755,0.55235,1.17006,1.74E-15,2.99074,3.06632,3.05997,7.08929,0,0,0,0,0,0,0,0
1.6185,0.500044,0.499296,0.0322122,0.495994,0.553767,1.18328,1.74E-15,2.98265,3.05393,3.0428,7.05323,0,0,0,0,0,0,0,0
1.62188,0.500044,0.499296,0.0322147,0.498164,0.555912,1.1848,1.74E-15,2.96978,3.0493,3.01302,7.09038,0,0,0,0,0,0,0,0
1.6253,0.500044,0.499296,0.0322169,0.498304,0.556227,1.18253,1.75E-15,2.96318,3.0525,3.0156,7.12996,0,0,0,0,0,0,0,0
1.62977,0.500044,0.499296,0.0322193,0.497692,0.556044,1.19122,1.75E-15,2.95699,3.04345,2.98232,7.13028,0,0,0,0,0,0,0,0
1.63315,0.500044,0.500239,0.0322192,0.495824,0.55455,1.18799,1.74E-15,2.9618,3.04495,2.96916,7.09495,0,0,0,0,0,0,0,0
1.63653,0.500044,0.500239,0.032219,0.495215,0.555174,1.19336,1.74E-15,2.96733,3.04221,2.92432,7.09357,0,0,0,0,0,0,0,0
1.63993,0.500044,0.500239,0.0322189,0.495627,0.555753,1.19888,1.74E-15,2.95558,3.03425,2.90764,7.11953,0,0,0,0,0,0,0,0
1.6433,0.500044,0.500239,0.0322187,0.493584,0.554314,1.18714,1.75E-15,2.96058,3.03379,2.93548,7.12264,0,0,0,0,0,0,0,0
1.64678,0.500044,0.500239,0.0322179,0.493313,0.554161,1.18171,1.75E-15,2.95491,3.02983,2.94337,7.09722,0,0,0,0,0,0,0,0
1.65008,0.500044,0.500652,0.0322156,0.495243,0.557322,1.18692,1.74E-15,2.95322,3.01968,2.95875,7.1098,0,0,0,0,0,0,0,0
1.65345,0.500044,0.500652,0.0322135,0.495362,0.557414,1.17646,1.75E-15,2.95694,3.03215,2.98976,7.14933,0,0,0,0,0,0,0,0
1.65683,0.500044,0.500652,0.0322112,0.49604,0.558658,1.17251,1.75E-15,2.93924,3.02194,2.98688,7.17595,0,0,0,0,0,0,0,0
1.66023,0.500044,0.500652,0.0322091,0.498019,0.560354,1.16933,1.74E-15,2.93063,3.0217,3.00146,7.13629,0,0,0,0,0,0,0,0
1.66372,0.500044,0.500652,0.0322062,0.497576,0.560184,1.16543,1.74E-15,2.93183,3.01369,2.99337,7.09942,0,0,0,0,0,0,0,0
1.66702,0.500044,0.500973,0.0322029,0.497702,0.560214,1.15663,1.74E-15,2.93644,3.01536,3.01808,7.12719,0,0,0,0,0,0,0,0
1.67038,0.500044,0.500973,0.0321991,0.498389,0.561426,1.15079,1.75E-15,2.93145,3.00638,3.02706,7.15865,0,0,0,0,0,0,0,0
1.67377,0.500044,0.500973,0.0321958,0.501137,0.562163,1.1715,1.74E-15,2.94464,3.00163,3.0878,7.11977,0,0,0,0,0,0,0,0
1.67715,0.500044,0.500973,0.032192,0.499339,0.561046,1.16815,1.74E-15,2.95715,2.99822,3.08966,7.07096,0,0,0,0,0,0,0,0
1.68063,0.500044,0.500973,0.0321897,0.501111,0.562647,1.1825,1.74E-15,2.94237,2.97926,3.07762,7.0335,0,0,0,0,0,0,0,0
1.68497,0.500044,0.501726,0.0321876,0.500714,0.563188,1.17752,1.74E-15,2.92382,2.95939,3.06548,7.11221,0,0,0,0,0,0,0,0
1.68835,0.500044,0.501726,0.0321863,0.498945,0.561787,1.17538,1.74E-15,2.92746,2.95991,3.04748,7.11658,0,0,0,0,0,0,0,0
1.69173,0.500044,0.501726,0.0321847,0.498758,0.562233,1.1701,1.74E-15,2.95446,2.97906,3.0486,7.08223,0,0,0,0,0,0,0,0
1.69512,0.500044,0.501726,0.0321833,0.497141,0.559777,1.1591,1.74E-15,2.95891,2.983,3.08844,7.07608,0,0,0,0,0,0,0,0
1.69862,0.500044,0.501726,0.0321829,0.495473,0.557672,1.1548,1.73E-15,2.97965,2.99654,3.07784,7.0401,0,0,0,0,0,0,0,0
1.7019,0.500044,0.502864,0.0321828,0.495126,0.556972,1.15805,1.74E-15,2.97058,3.0007,3.05292,7.01408,0,0,0,0,0,0,0,0
1.70528,0.500044,0.502864,0.0321826,0.495341,0.555961,1.16251,1.74E-15,2.9618,2.99961,3.05664,7.02291,0,0,0,0,0,0,0,0
1.70868,0.500044,0.502864,0.0321825,0.494038,0.554368,1.15598,1.74E-15,2.96806,3.00439,3.071,6.98945,0,0,0,0,0,0,0,0
1.7131,0.500044,0.502864,0.032182,0.492989,0.553212,1.15109,1.73E-15,2.95905,3.00426,3.05951,6.96154,0,0,0,0,0,0,0,0
1.71648,0.500044,0.503227,0.032181,0.492875,0.552834,1.14473,1.73E-15,2.94935,2.99973,3.06858,7.02729,0,0,0,0,0,0,0,0
1.71987,0.500044,0.503227,0.0321798,0.494008,0.553956,1.15605,1.74E-15,2.94525,2.98671,3.05514,7.06817,0,0,0,0,0,0,0,0
1.72327,0.500044,0.503227,0.0321787,0.492151,0.551938,1.15343,1.74E-15,2.95352,2.98919,3.05166,7.01924,0,0,0,0,0,0,0,0
1.72663,0.500044,0.503227,0.0321776,0.489732,0.549604,1.15006,1.73E-15,2.96331,2.99265,3.04766,6.98949,0,0,0,0,0,0,0,0
1.73013,0.500044,0.503227,0.0321761,0.490505,0.550315,1.16779,1.73E-15,2.95455,2.98995,3.07869,6.97075,0,0,0,0,0,0,0,0
1.7334,0.500044,0.502655,0.0321736,0.489678,0.549394,1.16452,1.73E-15,2.95485,2.9899,3.08165,7.00958,0,0,0,0,0,0,0,0
1.7368,0.500044,0.502655,0.0321713,0.490779,0.550431,1.16214,1.73E-15,2.94692,2.99295,3.07624,7.03565,0,0,0,0,0,0,0,0
1.74017,0.500044,0.502655,0.0321688,0.489868,0.549575,1.16085,1.73E-15,2.93806,2.99155,3.05983,7.00658,0,0,0,0,0,0,0,0
1.74357,0.500044,0.502655,0.0321666,0.488437,0.548173,1.15618,1.73E-15,2.94002,2.99703,3.05673,6.98648,0,0,0,0,0,0,0,0
1.74705,0.500044,0.502655,0.0321651,0.489162,0.549294,1.16709,1.72E-15,2.95203,3.00331,3.0383,7.02757,0,0,0,0,0,0,0,0
1.75033,0.500044,0.50207,0.0321651,0.488318,0.548425,1.16889,1.73E-15,2.94762,3.00095,3.01584,7.05248,0,0,0,0,0,0,0,0
1.75372,0.500044,0.50207,0.0321651,0.488014,0.548583,1.16408,1.73E-15,2.94646,2.99209,3.01238,7.03374,0,0,0,0,0,0,0,0
1.7571,0.500044,0.50207,0.0321651,0.488238,0.549795,1.16453,1.72E-15,2.94758,2.99849,3.00132,7.00863,0,0,0,0,0,0,0,0
1.76048,0.500044,0.50207,0.0321651,0.487963,0.549119,1.15864,1.72E-15,2.94697,2.98756,3.00036,7.06218,0,0,0,0,0,0,0,0
1.76398,0.500044,0.50207,0.0321661,0.485667,0.54676,1.15238,1.73E-15,2.95601,2.99444,3.00939,7.04333,0,0,0,0,0,0,0,0
1.7683,0.500044,0.501569,0.0321692,0.48603,0.546992,1.15883,1.73E-15,2.96117,2.9979,2.97961,7.00244,0,0,0,0,0,0,0,0
1.77168,0.500044,0.501569,0.0321712,0.48555,0.546787,1.16748,1.72E-15,2.95966,3.00457,2.95683,7.00114,0,0,0,0,0,0,0,0
1.77507,0.500044,0.501569,0.0321736,0.486147,0.548138,1.1886,1.73E-15,2.98886,3.0411,3.11664,7.06713,0,0,0,0,0,0,0,0
1.77847,0.500044,0.501569,0.0321757,0.485207,0.546818,1.19161,1.73E-15,2.98842,3.04592,3.0888,7.0706,0,0,0,0,0,0,0,0
1.78193,0.500044,0.501569,0.0321793,0.486083,0.547646,1.18849,1.73E-15,2.98448,3.04801,3.07673,7.03949,0,0,0,0,0,0,0,0
1.78523,0.500044,0.501382,0.0321826,0.485894,0.54745,1.19865,1.73E-15,2.97507,3.04427,3.0339,7.02002,0,0,0,0,0,0,0,0
1.7886,0.500044,0.501382,0.0321864,0.485484,0.547397,1.21217,1.73E-15,2.98651,3.03362,3.01903,7.08369,0,0,0,0,0,0,0,0
1.79203,0.500044,0.501382,0.0321897,0.485523,0.547824,1.20793,1.73E-15,2.98444,3.02304,3.02448,7.11104,0,0,0,0,0,0,0,0
1.79643,0.500044,0.501382,0.0321941,0.48394,0.545764,1.20514,1.73E-15,2.99927,3.0351,3.00715,7.05412,0,0,0,0,0,0,0,0
1.79982,0.500044,0.501141,0.0321959,0.482604,0.544546,1.19649,1.73E-15,3.0052,3.03727,3.03336,7.02724,0,0,0,0,0,0,0,0
1.80318,0.500044,0.501141,0.0321979,0.480748,0.542579,1.19171,1.73E-15,3.01118,3.03868,3.03413,7.1057,0,0,0,0,0,0,0,0
1.8066,0.500044,0.501141,0.0321997,0.479389,0.541316,1.18527,1.73E-15,3.01716,3.03998,3.05781,7.13604,0,0,0,0,0,0,0,0
1.80997,0.500044,0.501141,0.0322017,0.479281,0.540643,1.17836,1.74E-15,3.02502,3.03809,3.07572,7.13335,0,0,0,0,0,0,0,0
1.81345,0.500044,0.501141,0.0322031,0.478391,0.539559,1.18114,1.73E-15,3.04011,3.0463,3.09944,7.10236,0,0,0,0,0,0,0,0
1.81673,0.500044,0.500893,0.0322037,0.477074,0.538057,1.17742,1.74E-15,3.04959,3.05168,3.10179,7.10468,0,0,0,0,0,0,0,0
1.82013,0.500044,0.500893,0.0322043,0.476423,0.537591,1.17286,1.74E-15,3.04386,3.04538,3.10288,7.1729,0,0,0,0,0,0,0,0
1.8235,0.500044,0.500893,0.0322049,0.477483,0.539161,1.19499,1.74E-15,3.03054,3.04161,3.15336,7.15959,0,0,0,0,0,0,0,0
1.82688,0.500044,0.500893,0.0322054,0.478426,0.540273,1.19661,1.74E-15,3.02471,3.03966,3.1329,7.13042,0,0,0,0,0,0,0,0
1.83038,0.500044,0.500893,0.0322055,0.477764,0.539968,1.19202,1.73E-15,3.03073,3.04648,3.15259,7.09229,0,0,0,0,0,0,0,0
1.83367,0.500044,0.499902,0.0322049,0.476603,0.539024,1.18972,1.73E-15,3.03058,3.04946,3.14367,7.09043,0,0,0,0,0,0,0,0
1.83705,0.500044,0.499902,0.0322042,0.476947,0.538363,1.1863,1.74E-15,3.02733,3.04518,3.13491,7.10248,0,0,0,0,0,0,0,0
1.84052,0.500044,0.499902,0.0322035,0.477851,0.538863,1.19811,1.74E-15,3.01959,3.04893,3.13595,7.13006,0,0,0,0,0,0,0,0
1.8439,0.500044,0.499902,0.0322028,0.478559,0.538559,1.19522,1.74E-15,3.02829,3.03873,3.1448,7.09429,0,0,0,0,0,0,0,0
1.8474,0.500044,0.499902,0.0322027,0.478093,0.537869,1.19708,1.73E-15,3.02056,3.03826,3.12012,7.05684,0,0,0,0,0,0,0,0
1.8517,0.500044,0.499025,0.0322031,0.476028,0.535932,1.18754,1.74E-15,3.03154,3.033,3.14206,7.11668,0,0,0,0,0,0,0,0
1.8551,0.500044,0.499025,0.0322035,0.477018,0.536845,1.1927,1.74E-15,3.02944,3.02216,3.12473,7.10184,0,0,0,0,0,0,0,0
1.85848,0.500044,0.499025,0.0322038,0.476786,0.536282,1.188,1.74E-15,3.01609,3.01343,3.12366,7.07281,0,0,0,0,0,0,0,0
1.86187,0.500044,0.499025,0.0322041,0.47604,0.534993,1.18615,1.74E-15,3.01127,3.01455,3.10954,7.10333,0,0,0,0,0,0,0,0
1.86537,0.500044,0.499025,0.0322056,0.475585,0.53356,1.19482,1.74E-15,3.01785,3.02361,3.05997,7.07465,0,0,0,0,0,0,0,0
1.86867,0.500044,0.498753,0.032207,0.476785,0.534837,1.20276,1.74E-15,3.02016,3.03353,3.0616,7.03659,0,0,0,0,0,0,0,0
1.87205,0.500044,0.498753,0.0322087,0.477281,0.536219,1.20174,1.74E-15,3.01341,3.02347,3.05299,7.01408,0,0,0,0,0,0,0,0
1.87543,0.500044,0.498753,0.0322101,0.476864,0.535846,1.20051,1.74E-15,3.02113,3.02705,3.03774,7.0209,0,0,0,0,0,0,0,0
1.87977,0.500044,0.498753,0.0322121,0.477402,0.535805,1.19886,1.74E-15,3.02746,3.01935,3.02426,6.95929,0,0,0,0,0,0,0,0
1.88298,0.500044,0.498231,0.0322132,0.477332,0.535217,1.2006,1.74E-15,3.02793,3.02442,3.0036,6.95094,0,0,0,0,0,0,0,0
1.88637,0.500044,0.498231,0.0322143,0.478289,0.536048,1.20374,1.74E-15,3.0463,3.0238,2.99652,6.97743,0,0,0,0,0,0,0,0
1.88975,0.500044,0.498231,0.0322156,0.478806,0.536435,1.20089,1.74E-15,3.03344,3.01985,2.98756,7.00756,0,0,0,0,0,0,0,0
1.89323,0.500044,0.498231,0.0322169,0.478393,0.536693,1.20862,1.74E-15,3.03938,3.01481,2.96466,6.95596,0,0,0,0,0,0,0,0
1.89673,0.500044,0.498231,0.0322179,0.478072,0.536226,1.20667,1.74E-15,3.03287,3.01695,2.95307,6.92905,0,0,0,0,0,0,0,0
1.90002,0.500044,0.497967,0.0322189,0.477537,0.5356,1.19849,1.74E-15,3.02912,3.02682,2.97614,6.96744,0,0,0,0,0,0,0,0
1.9034,0.500044,0.497967,0.0322197,0.476909,0.534763,1.19454,1.74E-15,3.03047,3.03021,2.98359,6.98881,0,0,0,0,0,0,0,0
1.90678,0.500044,0.497967,0.0322207,0.478093,0.53537,1.19966,1.74E-15,3.02374,3.03021,2.95965,6.95557,0,0,0,0,0,0,0,0
1.91017,0.500044,0.497967,0.0322216,0.478642,0.535715,1.19908,1.74E-15,3.01882,3.03141,2.95409,6.95549,0,0,0,0,0,0,0,0
1.91365,0.500044,0.497967,0.0322228,0.477981,0.535846,1.19641,1.74E-15,3.00938,3.02001,2.94414,6.96457,0,0,0,0,0,0,0,0
1.91693,0.500044,0.497988,0.0322242,0.477512,0.535206,1.19691,1.74E-15,3.00284,3.01982,2.93416,6.98664,0,0,0,0,0,0,0,0
1.92032,0.500044,0.497988,0.0322258,0.477039,0.534995,1.1911,1.74E-15,2.99902,3.01835,2.9439,6.96677,0,0,0,0,0,0,0,0
1.9237,0.500044,0.497988,0.0322271,0.476739,0.534995,1.18801,1.74E-15,2.994,3.01543,2.94344,6.94317,0,0,0,0,0,0,0,0
1.9271,0.500044,0.497988,0.0322287,0.476651,0.534157,1.18894,1.74E-15,2.99506,3.0141,2.91949,6.96361,0,0,0,0,0,0,0,0
1.93058,0.500044,0.497988,0.03223,0.476865,0.534703,1.18437,1.74E-15,2.99421,3.01189,2.92642,6.98149,0,0,0,0,0,0,0,0
1.9349,0.500044,0.49779,0.0322318,0.476798,0.534298,1.18318,1.74E-15,2.99912,3.01456,2.91395,6.98715,0,0,0,0,0,0,0,0
1.93828,0.500044,0.49779,0.032233,0.4762,0.53353,1.17856,1.74E-15,2.996,3.01396,2.93251,6.95339,0,0,0,0,0,0,0,0
1.94168,0.500044,0.49779,0.0322344,0.475556,0.532823,1.17846,1.74E-15,2.99269,3.00782,2.92064,6.91898,0,0,0,0,0,0,0,0
1.94508,0.500044,0.49779,0.0322356,0.475711,0.533034,1.17317,1.74E-15,2.98977,3.01047,2.94111,6.90508,0,0,0,0,0,0,0,0
1.94855,0.500044,0.49779,0.0322378,0.475256,0.532908,1.16729,1.74E-15,2.98663,3.00588,2.95394,6.90759,0,0,0,0,0,0,0,0
1.95183,0.500044,0.497517,0.0322399,0.474558,0.531891,1.16266,1.74E-15,2.98636,3.00544,2.96015,6.94706,0,0,0,0,0,0,0,0
1.95522,0.500044,0.497517,0.0322423,0.474406,0.531879,1.16011,1.74E-15,2.98349,3.00347,2.961,6.96263,0,0,0,0,0,0,0,0
1.95863,0.500044,0.497517,0.0322444,0.47477,0.532199,1.16073,1.74E-15,2.98184,3.00176,2.94444,6.94346,0,0,0,0,0,0,0,0
1.9631,0.500044,0.497517,0.0322477,0.474864,0.53282,1.15745,1.74E-15,2.98493,3.00161,2.93535,6.97763,0,0,0,0,0,0,0,0
1.96642,0.500044,0.497126,0.0322503,0.474938,0.533049,1.15146,1.74E-15,2.99273,3.00123,2.95704,7.00306,0,0,0,0,0,0,0,0
1.9698,0.500044,0.497126,0.0322533,0.474738,0.532553,1.15301,1.74E-15,2.99341,2.99976,2.95406,6.96423,0,0,0,0,0,0,0,0
1.9732,0.500044,0.497126,0.0322559,0.474556,0.532946,1.15008,1.74E-15,2.99256,2.99812,2.95737,7.01091,0,0,0,0,0,0,0,0
1.97657,0.500044,0.497126,0.0322589,0.474043,0.532323,1.15055,1.74E-15,2.9971,2.99871,2.95893,7.06054,0,0,0,0,0,0,0,0
1.98007,0.500044,0.497126,0.0322597,0.47414,0.532457,1.15001,1.74E-15,2.99778,2.9952,2.944,7.04984,0,0,0,0,0,0,0,0
1.98335,0.500044,0.496782,0.0322569,0.473395,0.532093,1.15796,1.74E-15,2.99731,2.99291,2.91911,7.02821,0,0,0,0,0,0,0,0
1.98673,0.500044,0.496782,0.0322544,0.474362,0.532627,1.15431,1.74E-15,3.00679,2.99645,2.92216,7.04715,0,0,0,0,0,0,0,0
1.99012,0.500044,0.496782,0.0322516,0.475093,0.533263,1.15225,1.74E-15,3.02121,3.00741,2.9154,7.0747,0,0,0,0,0,0,0,0
1.9935,0.500044,0.496782,0.0322491,0.475617,0.533369,1.15596,1.74E-15,3.01531,2.99975,2.89462,7.0733,0,0,0,0,0,0,0,0
1.99698,0.500044,0.496782,0.0322437,0.476326,0.534522,1.16573,1.74E-15,3.02811,3.02787,2.99034,7.04527,0,0,0,0,0,0,0,0
2.00057,0.500044,0.496672,0.0322361,0.475777,0.534059,1.16354,1.74E-15,3.02389,3.02313,2.98617,7.0859,0,0,0,0,0,0,0,0
2.004,0.500044,0.496672,0.0322272,0.474964,0.533139,1.16173,1.74E-15,3.01826,3.02215,2.98626,7.10483,0,0,0,0,0,0,0,0
2.00755,0.500044,0.496672,0.0322183,0.474811,0.532439,1.16355,1.74E-15,3.03585,3.03531,2.98261,7.09216,0,0,0,0,0,0,0,0
2.0109,0.500044,0.496672,0.0322094,0.474705,0.532326,1.16544,1.74E-15,3.03252,3.02919,2.96589,7.07211,0,0,0,0,0,0,0,0
2.01437,0.500044,0.496672,0.0322031,0.475178,0.532692,1.16211,1.73E-15,3.03904,3.03727,2.96711,7.04337,0,0,0,0,0,0,0,0
2.01957,0.500044,0.496586,0.0321939,0.476189,0.533698,1.16246,1.74E-15,3.03877,3.03884,2.9721,7.11284,0,0,0,0,0,0,0,0
2.0232,0.500044,0.496586,0.0321874,0.475356,0.532664,1.15582,1.74E-15,3.03774,3.03826,2.9914,7.13638,0,0,0,0,0,0,0,0
2.02657,0.500044,0.496586,0.032181,0.476275,0.533782,1.1609,1.74E-15,3.03877,3.03119,2.9823,7.1102,0,0,0,0,0,0,0,0
2.02998,0.500044,0.496586,0.0321773,0.476282,0.533578,1.15505,1.74E-15,3.02996,3.02679,3.00083,7.08846,0,0,0,0,0,0,0,0
2.03355,0.500044,0.496508,0.0321773,0.47631,0.533597,1.15494,1.74E-15,3.0249,3.03018,2.99362,7.12594,0,0,0,0,0,0,0,0
2.03722,0.500044,0.496508,0.0321774,0.476422,0.533794,1.16027,1.74E-15,3.02444,3.0288,2.97784,7.14608,0,0,0,0,0,0,0,0
2.04063,0.500044,0.496508,0.0321774,0.475744,0.533194,1.15814,1.74E-15,3.02964,3.03224,2.96586,7.12259,0,0,0,0,0,0,0,0
2.044,0.500044,0.496508,0.0321774,0.475005,0.532421,1.15268,1.74E-15,3.02902,3.0328,2.98328,7.10296,0,0,0,0,0,0,0,0
2.04843,0.500044,0.496508,0.0321787,0.476212,0.533596,1.16671,1.74E-15,3.03485,3.03425,2.98805,7.08724,0,0,0,0,0,0,0,0
2.05195,0.500044,0.496416,0.0321813,0.476393,0.533702,1.16851,1.74E-15,3.02871,3.0367,2.97555,7.0935,0,0,0,0,0,0,0,0
2.0552,0.500044,0.496416,0.0321836,0.477336,0.535025,1.16666,1.74E-15,3.02012,3.02594,2.97344,7.05619,0,0,0,0,0,0,0,0
2.05858,0.500044,0.496416,0.0321855,0.476662,0.534158,1.16157,1.74E-15,3.02089,3.02566,2.98573,7.04559,0,0,0,0,0,0,0,0
2.06308,0.500044,0.496416,0.0321881,0.478737,0.536428,1.16484,1.74E-15,3.02317,3.02658,2.97199,7.04847,0,0,0,0,0,0,0,0
2.0664,0.500044,0.496379,0.0321891,0.478683,0.536615,1.16363,1.74E-15,3.03204,3.02676,2.96798,7.03637,0,0,0,0,0,0,0,0
2.0698,0.500044,0.496379,0.0321904,0.478522,0.536241,1.15969,1.74E-15,3.03621,3.03835,2.97005,7.03108,0,0,0,0,0,0,0,0
2.07317,0.500044,0.496379,0.0321914,0.479001,0.536421,1.15501,1.74E-15,3.03224,3.03421,2.98072,7.02273,0,0,0,0,0,0,0,0
2.07655,0.500044,0.496379,0.0321927,0.478723,0.536172,1.15664,1.74E-15,3.02404,3.02713,2.98079,7.06204,0,0,0,0,0,0,0,0
2.08005,0.500044,0.496379,0.0321936,0.478361,0.535767,1.1546,1.74E-15,3.02611,3.02763,2.97845,7.0429,0,0,0,0,0,0,0,0
2.08333,0.500044,0.496506,0.0321942,0.477966,0.535831,1.15736,1.74E-15,3.0293,3.02023,2.96059,7.03282,0,0,0,0,0,0,0,0
2.0867,0.500044,0.496506,0.0321948,0.478134,0.53612,1.1645,1.74E-15,3.02684,3.02781,2.94983,7.04618,0,0,0,0,0,0,0,0
2.0901,0.500044,0.496506,0.0321954,0.476764,0.53493,1.15856,1.74E-15,3.03126,3.02639,2.96699,7.05981,0,0,0,0,0,0,0,0
2.09348,0.500044,0.496506,0.032196,0.476845,0.535202,1.15816,1.74E-15,3.02423,3.02352,2.95976,7.05727,0,0,0,0,0,0,0,0
2.09697,0.500044,0.496506,0.0321963,0.477918,0.536172,1.15669,1.74E-15,3.02973,3.02827,2.96095,7.04041,0,0,0,0,0,0,0,0
2.10247,0.500044,0.49683,0.0321961,0.478519,0.536511,1.1576,1.74E-15,3.02335,3.02296,2.9388,7.05674,0,0,0,0,0,0,0,0
2.10572,0.500044,0.49683,0.0321959,0.477793,0.53567,1.1549,1.74E-15,3.02396,3.02436,2.93358,7.03268,0,0,0,0,0,0,0,0
2.10912,0.500044,0.49683,0.0321958,0.47818,0.535757,1.15256,1.74E-15,3.03442,3.0263,2.93267,7.03543,0,0,0,0,0,0,0,0
2.1131,0.500044,0.49683,0.0321952,0.477643,0.535193,1.15209,1.74E-15,3.03445,3.02582,2.92917,7.02766,0,0,0,0,0,0,0,0
2.1164,0.500044,0.496708,0.0321939,0.477385,0.534504,1.14719,1.74E-15,3.03277,3.02703,2.94099,7.0072,0,0,0,0,0,0,0,0
2.11997,0.500044,0.496708,0.0321924,0.477249,0.534334,1.14771,1.74E-15,3.04239,3.03322,2.93095,6.99489,0,0,0,0,0,0,0,0
2.12335,0.500044,0.496708,0.0321912,0.477781,0.53478,1.1496,1.74E-15,3.04192,3.03019,2.93535,7.01957,0,0,0,0,0,0,0,0
2.12673,0.500044,0.496708,0.0321897,0.477285,0.534063,1.14791,1.74E-15,3.0423,3.03461,2.92492,7.04919,0,0,0,0,0,0,0,0
2.13025,0.500044,0.496708,0.0321874,0.478035,0.534475,1.15987,1.74E-15,3.05498,3.05049,2.97946,7.03852,0,0,0,0,0,0,0,0
2.13352,0.500044,0.49664,0.0321823,0.477638,0.533978,1.16054,1.74E-15,3.04777,3.04542,2.9716,7.02727,0,0,0,0,0,0,0,0
2.13688,0.500044,0.49664,0.032178,0.478106,0.534289,1.16663,1.74E-15,3.04683,3.04346,2.97083,7.041,0,0,0,0,0,0,0,0
2.14028,0.500044,0.49664,0.032173,0.478267,0.534553,1.16417,1.74E-15,3.0359,3.0414,2.96974,7.0596,0,0,0,0,0,0,0,0
2.14365,0.500044,0.49664,0.0321686,0.478003,0.534686,1.16149,1.74E-15,3.03714,3.03459,2.97882,7.06939,0,0,0,0,0,0,0,0
2.14715,0.500044,0.49664,0.0321633,0.477849,0.534352,1.16373,1.74E-15,3.03148,3.03162,2.95662,7.03937,0,0,0,0,0,0,0,0
2.15043,0.500044,0.496453,0.0321586,0.477659,0.534045,1.16668,1.74E-15,3.02366,3.02319,2.95803,7.03302,0,0,0,0,0,0,0,0
2.15382,0.500044,0.496453,0.0321531,0.47805,0.534884,1.17378,1.74E-15,3.01632,3.02555,2.95357,7.06522,0,0,0,0,0,0,0,0
2.1572,0.500044,0.496453,0.0321484,0.478124,0.534539,1.17074,1.75E-15,3.01113,3.02063,2.95451,7.08692,0,0,0,0,0,0,0,0
2.16058,0.500044,0.496453,0.0321428,0.477947,0.533583,1.16794,1.75E-15,3.00629,3.02431,2.96135,7.06395,0,0,0,0,0,0,0,0
2.1641,0.500044,0.496453,0.0321393,0.47772,0.533521,1.16816,1.74E-15,3.01931,3.02803,2.9484,7.03973,0,0,0,0,0,0,0,0
2.16737,0.500044,0.496312,0.0321365,0.478302,0.534105,1.17928,1.74E-15,3.01883,3.02405,2.97587,7.0441,0,0,0,0,0,0,0,0
2.17075,0.500044,0.496312,0.032134,0.479274,0.534589,1.1788,1.75E-15,3.01163,3.01659,2.96346,7.05066,0,0,0,0,0,0,0,0
2.17413,0.500044,0.496312,0.0321312,0.47971,0.534992,1.17591,1.74E-15,3.00227,3.00945,2.96832,7.05562,0,0,0,0,0,0,0,0
2.17752,0.500044,0.496312,0.0321288,0.479546,0.534771,1.17492,1.74E-15,3.00914,3.02159,2.9636,7.04577,0,0,0,0,0,0,0,0
2.181,0.500044,0.496312,0.0321265,0.478297,0.53392,1.16801,1.74E-15,3.01528,3.03234,2.9881,7.05548,0,0,0,0,0,0,0,0
2.18585,0.500044,0.496217,0.0321242,0.477798,0.53404,1.17196,1.75E-15,3.01019,3.02584,2.98,7.06694,0,0,0,0,0,0,0,0
2.18923,0.500044,0.496217,0.0321223,0.477618,0.533807,1.17251,1.74E-15,3.00926,3.02759,2.96125,7.05459,0,0,0,0,0,0,0,0
2.19262,0.500044,0.496217,0.0321207,0.47738,0.533351,1.1763,1.74E-15,3.00324,3.02733,2.95071,7.08926,0,0,0,0,0,0,0,0
2.19642,0.500044,0.496217,0.0321189,0.477481,0.533294,1.1727,1.74E-15,3.00328,3.02484,2.9494,7.09949,0,0,0,0,0,0,0,0
2.19965,0.500044,0.496205,0.0321181,0.477262,0.533573,1.16734,1.74E-15,2.9986,3.017,2.96805,7.067,0,0,0,0,0,0,0,0
2.20303,0.500044,0.496205,0.0321172,0.478451,0.535059,1.17077,1.74E-15,2.99767,3.02539,2.96709,7.08873,0,0,0,0,0,0,0,0
2.20645,0.500044,0.496205,0.0321162,0.478704,0.535242,1.1763,1.75E-15,2.99612,3.02262,2.96309,7.11152,0,0,0,0,0,0,0,0
2.2098,0.500044,0.496205,0.0321154,0.478669,0.535375,1.17541,1.74E-15,2.99129,3.01864,2.95363,7.10447,0,0,0,0,0,0,0,0
2.2133,0.500044,0.496205,0.0321145,0.477792,0.534594,1.17635,1.74E-15,2.99273,3.01893,2.93794,7.09164,0,0,0,0,0,0,0,0
2.21658,0.500044,0.496079,0.032114,0.477686,0.534336,1.17634,1.74E-15,2.99173,3.01798,2.93232,7.1077,0,0,0,0,0,0,0,0
2.21997,0.500044,0.496079,0.0321134,0.478083,0.534515,1.17797,1.74E-15,2.99573,3.02825,2.93183,7.10544,0,0,0,0,0,0,0,0
2.22335,0.500044,0.496079,0.0321129,0.478751,0.53618,1.18586,1.74E-15,2.99321,3.02403,2.95372,7.07991,0,0,0,0,0,0,0,0
2.22673,0.500044,0.496079,0.0321122,0.478104,0.535624,1.18476,1.74E-15,2.99337,3.02243,2.94507,7.09034,0,0,0,0,0,0,0,0
2.23025,0.500044,0.496079,0.0321123,0.479009,0.536837,1.19636,1.74E-15,2.99527,3.01822,2.9554,7.10322,0,0,0,0,0,0,0,0
2.2335,0.500044,0.49603,0.0321138,0.479452,0.537746,1.19552,1.74E-15,2.9951,3.01554,2.9469,7.10064,0,0,0,0,0,0,0,0
2.23692,0.500044,0.49603,0.0321151,0.479312,0.537715,1.19844,1.74E-15,2.98852,3.00983,2.92463,7.08246,0,0,0,0,0,0,0,0
2.24032,0.500044,0.49603,0.0321166,0.479469,0.538055,1.19445,1.74E-15,2.99211,3.01637,2.93635,7.07559,0,0,0,0,0,0,0,0
2.24387,0.500044,0.49603,0.0321181,0.479751,0.538941,1.19449,1.74E-15,2.9932,3.02563,2.93347,7.08062,0,0,0,0,0,0,0,0
2.24732,0.500044,0.49603,0.0321198,0.479618,0.53888,1.19535,1.74E-15,2.9948,3.02363,2.93217,7.05483,0,0,0,0,0,0,0,0
2.25085,0.500044,0.496123,0.0321223,0.48006,0.539082,1.19769,1.74E-15,2.98686,3.02072,2.92433,7.03019,0,0,0,0,0,0,0,0
2.25468,0.500044,0.496123,0.0321249,0.480232,0.539633,1.19588,1.74E-15,2.98089,3.01509,2.91696,7.00531,0,0,0,0,0,0,0,0
2.25818,0.500044,0.496123,0.0321274,0.480303,0.539355,1.19433,1.74E-15,2.97258,3.01134,2.91365,7.01187,0,0,0,0,0,0,0,0
2.26185,0.500044,0.496123,0.03213,0.480699,0.539708,1.18947,1.74E-15,2.97376,3.00353,2.926,7.04717,0,0,0,0,0,0,0,0
2.26828,0.500044,0.496123,0.0321322,0.480573,0.5394,1.18475,1.73E-15,2.97253,3.00208,2.92606,7.02269,0,0,0,0,0,0,0,0
2.27203,0.500044,0.496424,0.0321332,0.481217,0.54017,1.18466,1.74E-15,2.97321,3.00239,2.92043,7.07462,0,0,0,0,0,0,0,0
2.27553,0.500044,0.496424,0.0321342,0.481005,0.540321,1.18634,1.74E-15,2.97574,3.00029,2.93128,7.07289,0,0,0,0,0,0,0,0
2.28067,0.500044,0.496424,0.0321347,0.481165,0.540078,1.18316,1.74E-15,2.97857,2.99852,2.93462,7.03985,0,0,0,0,0,0,0,0
2.28397,0.500044,0.496707,0.0321314,0.480127,0.539093,1.18812,1.74E-15,2.98088,3.0023,2.9023,7.06036,0,0,0,0,0,0,0,0
2.28752,0.500044,0.496707,0.0321288,0.479706,0.538393,1.18827,1.74E-15,2.98505,3.00458,2.89073,7.07773,0,0,0,0,0,0,0,0
2.29118,0.500044,0.496707,0.0321262,0.479594,0.538337,1.18961,1.73E-15,2.98134,3.00236,2.88478,7.05576,0,0,0,0,0,0,0,0
2.29452,0.500044,0.496707,0.032124,0.479155,0.538038,1.1861,1.73E-15,2.97893,3.00115,2.89184,7.08158,0,0,0,0,0,0,0,0
2.29828,0.500044,0.496707,0.0321237,0.479797,0.538965,1.19187,1.73E-15,2.97587,3.00281,2.87518,7.09919,0,0,0,0,0,0,0,0
2.30185,0.500044,0.496876,0.0321243,0.480024,0.53927,1.18999,1.74E-15,2.97925,3.00587,2.87683,7.07193,0,0,0,0,0,0,0,0
2.30565,0.500044,0.496876,0.032125,0.480727,0.539518,1.18632,1.73E-15,2.9773,3.00782,2.88416,7.0498,0,0,0,0,0,0,0,0
2.30918,0.500044,0.496876,0.0321256,0.48152,0.540201,1.18611,1.73E-15,2.97458,3.00654,2.87546,7.07741,0,0,0,0,0,0,0,0
2.31385,0.500044,0.496876,0.0321265,0.48149,0.539877,1.18625,1.74E-15,2.97111,3.005,2.86809,7.08376,0,0,0,0,0,0,0,0
2.31752,0.500044,0.496686,0.032128,0.480293,0.538756,1.17981,1.73E-15,2.97523,3.00812,2.88634,7.054,0,0,0,0,0,0,0,0
2.32118,0.500044,0.496686,0.0321293,0.479774,0.538066,1.17606,1.73E-15,2.9783,3.00973,2.89121,7.06552,0,0,0,0,0,0,0,0
2.32485,0.500044,0.496686,0.0321305,0.480283,0.538667,1.17293,1.74E-15,2.97332,3.00509,2.89587,7.06945,0,0,0,0,0,0,0,0
2.32825,0.500044,0.496686,0.0321318,0.479921,0.538124,1.16881,1.74E-15,2.97035,3.00224,2.90332,7.05616,0,0,0,0,0,0,0,0
2.33177,0.500044,0.496686,0.0321338,0.47973,0.53783,1.16719,1.73E-15,2.96696,3.00642,2.89998,7.04887,0,0,0,0,0,0,0,0
2.33502,0.500044,0.496718,0.0321364,0.479278,0.537024,1.16405,1.73E-15,2.97032,3.009,2.90321,7.05887,0,0,0,0,0,0,0,0
2.3384,0.500044,0.496718,0.0321386,0.479273,0.537093,1.1631,1.74E-15,2.97536,3.00569,2.8995,7.06595,0,0,0,0,0,0,0,0
2.34178,0.500044,0.496718,0.0321411,0.479347,0.537616,1.16855,1.73E-15,2.97285,3.0022,2.89703,7.05306,0,0,0,0,0,0,0,0
2.34517,0.500044,0.496718,0.0321433,0.479659,0.538035,1.16852,1.73E-15,2.96877,3.00163,2.88645,7.06929,0,0,0,0,0,0,0,0
2.34867,0.500044,0.496718,0.0321445,0.480209,0.538786,1.16812,1.73E-15,2.97294,3.00199,2.89123,7.08506,0,0,0,0,0,0,0,0
2.35195,0.500044,0.496637,0.0321453,0.480374,0.538814,1.16981,1.73E-15,2.96992,2.99763,2.90438,7.0637,0,0,0,0,0,0,0,0
2.35533,0.500044,0.496637,0.0321462,0.480086,0.538535,1.17177,1.73E-15,2.96838,2.99942,2.9013,7.06855,0,0,0,0,0,0,0,0
2.35872,0.500044,0.496637,0.032147,0.480606,0.539271,1.17416,1.73E-15,2.9711,3.00177,2.90428,7.08166,0,0,0,0,0,0,0,0
2.3631,0.500044,0.496637,0.0321481,0.480566,0.53946,1.18233,1.73E-15,2.96922,3.02172,2.88669,7.06163,0,0,0,0,0,0,0,0
2.36642,0.500044,0.496464,0.0321487,0.479989,0.538805,1.17969,1.73E-15,2.96855,3.02246,2.88901,7.05944,0,0,0,0,0,0,0,0
2.36993,0.500044,0.496464,0.0321494,0.478607,0.537572,1.17601,1.73E-15,2.97485,3.02943,2.89355,7.09095,0,0,0,0,0,0,0,0
2.37362,0.500044,0.496464,0.03215,0.478859,0.537923,1.17546,1.73E-15,2.97467,3.02741,2.88648,7.08962,0,0,0,0,0,0,0,0
2.37728,0.500044,0.496464,0.0321507,0.47946,0.538885,1.17957,1.73E-15,2.97428,3.0317,2.87485,7.07155,0,0,0,0,0,0,0,0
2.38105,0.500044,0.496464,0.0321507,0.479048,0.53857,1.17948,1.73E-15,2.98006,3.03462,2.86758,7.0588,0,0,0,0,0,0,0,0
2.38462,0.500044,0.49659,0.0321503,0.478909,0.538794,1.17952,1.74E-15,2.98196,3.0399,2.86094,7.0743,0,0,0,0,0,0,0,0
2.38827,0.500044,0.49659,0.0321499,0.479799,0.539723,1.18267,1.74E-15,2.97836,3.03003,2.86678,7.04386,0,0,0,0,0,0,0,0
2.39162,0.500044,0.49659,0.0321494,0.479191,0.539096,1.17932,1.73E-15,2.97783,3.03137,2.87242,7.03102,0,0,0,0,0,0,0,0
2.39643,0.500044,0.49659,0.032149,0.478374,0.538495,1.17356,1.73E-15,2.97433,3.03181,2.88507,7.06621,0,0,0,0,0,0,0,0
2.39995,0.500044,0.496498,0.032149,0.478895,0.539776,1.17369,1.73E-15,2.97463,3.0427,2.88257,7.07502,0,0,0,0,0,0,0,0
2.40358,0.500044,0.496498,0.032149,0.480312,0.541164,1.17863,1.73E-15,2.99784,3.04373,2.89152,7.05063,0,0,0,0,0,0,0,0
2.40692,0.500044,0.496498,0.0321491,0.479674,0.540729,1.17676,1.73E-15,2.99832,3.04418,2.89041,7.04805,0,0,0,0,0,0,0,0
2.4104,0.500044,0.496498,0.0321491,0.480265,0.541753,1.19006,1.73E-15,3.0199,3.0495,3.00779,7.1014,0,0,0,0,0,0,0,0
2.4146,0.500044,0.496498,0.0321475,0.480514,0.542232,1.19168,1.73E-15,3.01836,3.04298,2.99334,7.09307,0,0,0,0,0,0,0,0
2.4181,0.500044,0.496474,0.0321431,0.480541,0.542638,1.1893,1.73E-15,3.01906,3.04017,2.99099,7.06416,0,0,0,0,0,0,0,0
2.4216,0.500044,0.496474,0.0321392,0.480164,0.542624,1.19313,1.73E-15,3.01657,3.03651,2.97838,7.04437,0,0,0,0,0,0,0,0
2.4253,0.500044,0.496474,0.0321353,0.480003,0.542758,1.20195,1.73E-15,3.01362,3.03664,2.97119,7.05108,0,0,0,0,0,0,0,0
2.43052,0.500044,0.496474,0.0321295,0.480928,0.543741,1.20091,1.74E-15,3.01637,3.02868,2.9614,7.08634,0,0,0,0,0,0,0,0
2.43543,0.500044,0.496629,0.0321183,0.480757,0.544134,1.19881,1.74E-15,3.00787,3.02546,2.96605,7.04332,0,0,0,0,0,0,0,0
2.4391,0.500044,0.496629,0.0321113,0.480297,0.543648,1.1958,1.73E-15,3.00539,3.02526,2.9686,7.01593,0,0,0,0,0,0,0,0
2.44277,0.500044,0.496629,0.0321042,0.480491,0.544009,1.19517,1.73E-15,3.00273,3.03011,2.95847,7.04358,0,0,0,0,0,0,0,0
2.44648,0.500044,0.496629,0.0320983,0.480504,0.543767,1.19773,1.74E-15,2.99776,3.02443,2.94862,7.04432,0,0,0,0,0,0,0,0
2.45007,0.500044,0.496862,0.0320957,0.480486,0.54358,1.19841,1.74E-15,3.00896,3.02628,2.94302,7.03086,0,0,0,0,0,0,0,0
2.4535,0.500044,0.496862,0.0320934,0.480363,0.543248,1.1942,1.73E-15,3.00955,3.02539,2.95458,7.01181,0,0,0,0,0,0,0,0
2.4571,0.500044,0.496862,0.0320907,0.480513,0.542904,1.19106,1.73E-15,3.00708,3.02596,2.9611,7.01526,0,0,0,0,0,0,0,0
2.46077,0.500044,0.496862,0.032088,0.480543,0.542801,1.19097,1.73E-15,3.00673,3.02561,2.9484,7.05018,0,0,0,0,0,0,0,0
2.46457,0.500044,0.496862,0.0320865,0.480065,0.542502,1.18981,1.73E-15,3.00323,3.02258,2.94641,7.03785,0,0,0,0,0,0,0,0
2.46778,0.500044,0.497036,0.0320858,0.479847,0.54194,1.18607,1.73E-15,3.00256,3.01803,2.95197,7.01624,0,0,0,0,0,0,0,0
2.47132,0.500044,0.497036,0.0320852,0.479647,0.541372,1.18637,1.73E-15,2.996,3.01521,2.94024,7.00936,0,0,0,0,0,0,0,0
2.47498,0.500044,0.497036,0.0320845,0.479821,0.541524,1.18667,1.73E-15,2.9919,3.01377,2.92839,7.04714,0,0,0,0,0,0,0,0
2.48065,0.500044,0.497036,0.0320841,0.481079,0.542805,1.18779,1.74E-15,2.98609,3.01367,2.92692,7.05122,0,0,0,0,0,0,0,0
2.48432,0.500044,0.496982,0.0320851,0.481211,0.542762,1.18829,1.73E-15,2.98701,3.0125,2.92792,7.03067,0,0,0,0,0,0,0,0
2.48802,0.500044,0.496982,0.0320862,0.481019,0.542504,1.19095,1.73E-15,2.98563,3.00802,2.94524,7.02937,0,0,0,0,0,0,0,0
2.49165,0.500044,0.496982,0.0320871,0.480655,0.541925,1.18885,1.73E-15,2.98698,3.00935,2.94707,7.05552,0,0,0,0,0,0,0,0
2.49642,0.500044,0.496982,0.0320884,0.479479,0.540983,1.18652,1.73E-15,2.98889,3.00897,2.96318,7.0523,0,0,0,0,0,0,0,0
2.49977,0.500044,0.496863,0.0320899,0.479441,0.541006,1.18444,1.73E-15,2.98738,3.00391,2.96678,7.0348,0,0,0,0,0,0,0,0
2.50313,0.500044,0.496863,0.0320915,0.479894,0.541389,1.18212,1.73E-15,2.98243,2.99732,2.96803,7.04032,0,0,0,0,0,0,0,0
2.5068,0.500044,0.496863,0.0320932,0.481159,0.542385,1.18138,1.73E-15,2.98826,2.9955,2.96844,7.06944,0,0,0,0,0,0,0,0
2.51027,0.500044,0.496863,0.0320946,0.480929,0.542288,1.18007,1.74E-15,2.98887,2.9938,2.96645,7.08913,0,0,0,0,0,0,0,0
2.51392,0.500044,0.496863,0.0320965,0.480512,0.541817,1.17729,1.74E-15,2.98872,2.99272,2.97823,7.08737,0,0,0,0,0,0,0,0
2.5185,0.500044,0.496902,0.0320994,0.480921,0.542119,1.17969,1.73E-15,2.98847,2.99348,2.99464,7.0649,0,0,0,0,0,0,0,0
2.52188,0.500044,0.496902,0.0321016,0.481764,0.542983,1.18092,1.73E-15,2.9923,2.99196,2.9896,7.06065,0,0,0,0,0,0,0,0
2.52527,0.500044,0.496902,0.0321036,0.482022,0.543309,1.18079,1.73E-15,2.99186,2.99772,2.97961,7.08991,0,0,0,0,0,0,0,0
2.52975,0.500044,0.496902,0.0321062,0.481312,0.542641,1.17708,1.74E-15,2.99654,3.00433,2.98314,7.10099,0,0,0,0,0,0,0,0
2.5331,0.500044,0.496843,0.0321075,0.480932,0.542289,1.17693,1.74E-15,2.99744,3.00314,2.97609,7.08602,0,0,0,0,0,0,0,0
2.53648,0.500044,0.496843,0.0321089,0.481054,0.542557,1.18223,1.73E-15,2.99932,3.00556,2.9713,7.07092,0,0,0,0,0,0,0,0
2.53987,0.500044,0.496843,0.0321101,0.480374,0.542153,1.17971,1.74E-15,3.00308,3.00413,2.97741,7.10807,0,0,0,0,0,0,0,0
2.54327,0.500044,0.496843,0.0321116,0.480694,0.542486,1.18234,1.74E-15,3.00613,3.00237,2.97512,7.12086,0,0,0,0,0,0,0,0
2.54675,0.500044,0.496843,0.0321134,0.480402,0.542083,1.17993,1.74E-15,3.00282,2.99986,2.97815,7.11263,0,0,0,0,0,0,0,0
2.55003,0.500044,0.497038,0.0321169,0.481021,0.543124,1.18042,1.74E-15,3.00465,3.00774,2.97039,7.09994,0,0,0,0,0,0,0,0
2.55342,0.500044,0.497038,0.0321199,0.480827,0.542981,1.17857,1.74E-15,3.00137,3.00789,2.96715,7.11996,0,0,0,0,0,0,0,0
2.5568,0.500044,0.497038,0.0321234,0.480501,0.542515,1.17476,1.74E-15,2.99977,3.00527,2.9741,7.14904,0,0,0,0,0,0,0,0
2.56018,0.500044,0.497038,0.0321264,0.480745,0.543146,1.1781,1.74E-15,3.00183,3.00952,2.96718,7.14196,0,0,0,0,0,0,0,0
2.56367,0.500044,0.497038,0.0321298,0.481029,0.543174,1.18079,1.74E-15,2.9966,3.00201,2.95865,7.12022,0,0,0,0,0,0,0,0
2.56695,0.500044,0.497037,0.0321327,0.481298,0.543435,1.17936,1.74E-15,2.99696,3.00147,2.95587,7.12541,0,0,0,0,0,0,0,0
2.57028,0.500044,0.497037,0.0321361,0.480993,0.542872,1.17558,1.74E-15,2.99604,3.00013,2.96221,7.13185,0,0,0,0,0,0,0,0
2.57365,0.500044,0.497037,0.032139,0.480853,0.542715,1.17175,1.74E-15,2.99721,3.00051,2.97251,7.1368,0,0,0,0,0,0,0,0
2.57702,0.500044,0.497037,0.0321424,0.481879,0.543454,1.17032,1.74E-15,2.99365,2.99584,2.97654,7.122,0,0,0,0,0,0,0,0
2.58072,0.500044,0.497037,0.0321449,0.48153,0.542953,1.16648,1.73E-15,2.992,2.99546,2.98702,7.10948,0,0,0,0,0,0,0,0
2.58398,0.500044,0.497075,0.0321472,0.481768,0.542948,1.16864,1.74E-15,2.98995,2.99471,2.98023,7.13907,0,0,0,0,0,0,0,0
2.58735,0.500044,0.497075,0.0321492,0.482523,0.543793,1.17493,1.74E-15,2.99493,2.99746,2.97002,7.13882,0,0,0,0,0,0,0,0
2.59075,0.500044,0.497075,0.0321516,0.482674,0.543711,1.17198,1.73E-15,2.99666,2.99296,2.97549,7.11878,0,0,0,0,0,0,0,0
2.59413,0.500044,0.497075,0.0321536,0.482412,0.543634,1.1721,1.73E-15,3.00217,2.98828,2.97913,7.1175,0,0,0,0,0,0,0,0
2.59762,0.500044,0.497075,0.0321547,0.482949,0.54357,1.17785,1.73E-15,3.00642,2.98546,2.97909,7.12388,0,0,0,0,0,0,0,0
2.60193,0.500044,0.497213,0.0321549,0.48332,0.543609,1.17811,1.74E-15,3.00704,2.98409,2.96881,7.12254,0,0,0,0,0,0,0,0
2.60533,0.500044,0.497213,0.0321551,0.484224,0.544017,1.18146,1.73E-15,3.00865,2.98859,2.95175,7.10488,0,0,0,0,0,0,0,0
2.60872,0.500044,0.497213,0.0321552,0.484155,0.54374,1.18148,1.73E-15,3.01403,2.99154,2.94916,7.08575,0,0,0,0,0,0,0,0
2.61308,0.500044,0.497213,0.0321565,0.483856,0.543425,1.17894,1.73E-15,3.01242,2.99685,2.95257,7.10348,0,0,0,0,0,0,0,0
2.61627,0.500044,0.497399,0.0321598,0.483786,0.543486,1.17916,1.73E-15,3.01058,2.99433,2.95539,7.11429,0,0,0,0,0,0,0,0
2.61965,0.500044,0.497399,0.0321631,0.484017,0.543421,1.18229,1.73E-15,3.01178,2.99261,2.94181,7.10132,0,0,0,0,0,0,0,0
2.62303,0.500044,0.497399,0.0321669,0.483857,0.543229,1.19238,1.73E-15,3.01198,2.98864,2.9381,7.11697,0,0,0,0,0,0,0,0
2.62642,0.500044,0.497399,0.0321702,0.483794,0.542663,1.19756,1.73E-15,3.01427,2.98894,2.94302,7.13718,0,0,0,0,0,0,0,0
2.62992,0.500044,0.497399,0.0321734,0.483434,0.54203,1.19542,1.73E-15,3.01425,2.98951,2.9411,7.12285,0,0,0,0,0,0,0,0
2.63318,0.500044,0.497559,0.0321745,0.483027,0.541616,1.19167,1.73E-15,3.01447,2.98784,2.95059,7.09667,0,0,0,0,0,0,0,0
2.63658,0.500044,0.497559,0.0321758,0.483556,0.541956,1.19356,1.73E-15,3.02038,2.98828,2.9529,7.08459,0,0,0,0,0,0,0,0
2.63997,0.500044,0.497559,0.032177,0.483893,0.542216,1.19215,1.73E-15,3.01961,2.9871,2.95233,7.10297,0,0,0,0,0,0,0,0
2.64335,0.500044,0.497559,0.0321783,0.483614,0.541857,1.18928,1.73E-15,3.01827,2.98947,2.95369,7.13639,0,0,0,0,0,0,0,0
2.64687,0.500044,0.497559,0.0321795,0.482945,0.541027,1.18791,1.74E-15,3.01891,2.99126,2.95344,7.13894,0,0,0,0,0,0,0,0
2.65012,0.500044,0.497463,0.032181,0.48316,0.541018,1.18737,1.73E-15,3.01678,2.98961,2.94564,7.11537,0,0,0,0,0,0,0,0
2.6535,0.500044,0.497463,0.0321823,0.482963,0.540952,1.18887,1.73E-15,3.01208,2.98873,2.94172,7.10755,0,0,0,0,0,0,0,0
2.65688,0.500044,0.497463,0.0321838,0.482819,0.540755,1.18875,1.73E-15,3.01074,2.98934,2.93242,7.12842,0,0,0,0,0,0,0,0
2.66027,0.500044,0.497463,0.032185,0.483348,0.540949,1.18475,1.74E-15,3.00781,2.98587,2.94428,7.14832,0,0,0,0,0,0,0,0
2.66377,0.500044,0.497463,0.0321861,0.484455,0.541614,1.18486,1.74E-15,3.00566,2.98154,2.94247,7.14667,0,0,0,0,0,0,0,0
2.66705,0.500044,0.49726,0.0321864,0.484737,0.541814,1.18509,1.74E-15,3.0026,2.98086,2.93949,7.13078,0,0,0,0,0,0,0,0
2.67043,0.500044,0.49726,0.0321868,0.485239,0.5421,1.18085,1.74E-15,2.99949,2.9766,2.94897,7.10625,0,0,0,0,0,0,0,0
2.67382,0.500044,0.49726,0.0321872,0.485134,0.541842,1.17745,1.74E-15,2.99595,2.97427,2.95648,7.08598,0,0,0,0,0,0,0,0
2.6772,0.500044,0.49726,0.0321876,0.484989,0.541507,1.1799,1.73E-15,2.99211,2.97148,2.94362,7.07779,0,0,0,0,0,0,0,0
2.6807,0.500044,0.49726,0.0321892,0.485104,0.54129,1.17984,1.73E-15,2.98775,2.96996,2.95435,7.07578,0,0,0,0,0,0,0,0
2.68527,0.500044,0.497213,0.0321933,0.485025,0.541401,1.17899,1.74E-15,2.98232,2.9691,2.95658,7.0935,0,0,0,0,0,0,0,0
2.68865,0.500044,0.497213,0.0321966,0.48447,0.54078,1.17561,1.74E-15,2.98449,2.97175,2.96425,7.08991,0,0,0,0,0,0,0,0
2.69205,0.500044,0.497213,0.0321993,0.484652,0.540793,1.17414,1.74E-15,2.9767,2.96553,2.96512,7.06618,0,0,0,0,0,0,0,0
2.69643,0.500044,0.497213,0.0322031,0.483857,0.540287,1.17393,1.73E-15,2.97962,2.96528,2.95474,7.03541,0,0,0,0,0,0,0,0
2.6996,0.500044,0.497452,0.032205,0.48367,0.540251,1.17469,1.73E-15,2.97472,2.96254,2.95851,7.04353,0,0,0,0,0,0,0,0
2.70298,0.500044,0.497452,0.0322069,0.48319,0.539786,1.17371,1.74E-15,2.97371,2.96219,2.95293,7.07112,0,0,0,0,0,0,0,0
2.70637,0.500044,0.497452,0.0322091,0.483055,0.539467,1.17271,1.74E-15,2.97031,2.96004,2.94852,7.10249,0,0,0,0,0,0,0,0
2.70975,0.500044,0.497452,0.0322109,0.482495,0.53896,1.17291,1.74E-15,2.97204,2.95874,2.9421,7.09773,0,0,0,0,0,0,0,0
2.71323,0.500044,0.497452,0.0322131,0.482902,0.539185,1.17227,1.74E-15,2.97941,2.96767,2.94444,7.07799,0,0,0,0,0,0,0,0
2.71652,0.500044,0.497459,0.032215,0.482856,0.539095,1.1706,1.74E-15,2.98439,2.97709,2.94462,7.05504,0,0,0,0,0,0,0,0
2.7199,0.500044,0.497459,0.0322172,0.481738,0.537761,1.16745,1.74E-15,2.99035,2.98335,2.94863,7.07438,0,0,0,0,0,0,0,0
2.72325,0.500044,0.497459,0.032219,0.481395,0.537406,1.1691,1.74E-15,2.98707,2.98292,2.93552,7.08343,0,0,0,0,0,0,0,0
2.72667,0.500044,0.497459,0.0322213,0.481634,0.537718,1.16788,1.74E-15,2.98323,2.97907,2.93061,7.11228,0,0,0,0,0,0,0,0
2.73017,0.500044,0.497459,0.0322233,0.481328,0.537217,1.16747,1.74E-15,2.98511,2.98121,2.92425,7.11417,0,0,0,0,0,0,0,0
2.73357,0.500044,0.497229,0.0322262,0.481303,0.5372,1.16743,1.74E-15,2.9809,2.98082,2.92344,7.09803,0,0,0,0,0,0,0,0
2.73675,0.500044,0.497229,0.0322287,0.480604,0.536458,1.16589,1.74E-15,2.98214,2.98193,2.923,7.07315,0,0,0,0,0,0,0,0
2.7401,0.500044,0.497229,0.0322316,0.48035,0.536091,1.16558,1.74E-15,2.98148,2.98463,2.91624,7.06791,0,0,0,0,0,0,0,0
2.74348,0.500044,0.497229,0.0322341,0.480217,0.53595,1.16421,1.74E-15,2.98456,2.9846,2.91452,7.08968,0,0,0,0,0,0,0,0
2.74697,0.500044,0.497229,0.0322372,0.480638,0.535962,1.16837,1.74E-15,2.98396,2.98422,2.91271,7.09473,0,0,0,0,0,0,0,0
2.75038,0.500044,0.496907,0.03224,0.48068,0.536055,1.16458,1.74E-15,2.98216,2.98558,2.92388,7.10094,0,0,0,0,0,0,0,0
2.75377,0.500044,0.496907,0.0322434,0.48074,0.53618,1.16688,1.74E-15,2.98707,3.00325,2.93334,7.07562,0,0,0,0,0,0,0,0
2.75717,0.500044,0.496907,0.0322462,0.480594,0.53607,1.16879,1.74E-15,2.98605,2.9997,2.93852,7.05218,0,0,0,0,0,0,0,0
2.76055,0.500044,0.496907,0.0322495,0.481265,0.53677,1.16789,1.74E-15,2.98047,2.99203,2.93697,7.04976,0,0,0,0,0,0,0,0
2.76405,0.500044,0.496907,0.0322528,0.480855,0.53623,1.1641,1.74E-15,2.98012,2.99636,2.94863,7.04378,0,0,0,0,0,0,0,0
2.76862,0.500044,0.496593,0.0322581,0.481404,0.536394,1.16901,1.74E-15,2.9739,2.98857,2.93896,7.06089,0,0,0,0,0,0,0,0
2.772,0.500044,0.496593,0.0322623,0.480948,0.535929,1.16633,1.74E-15,2.97139,2.99207,2.93925,7.06468,0,0,0,0,0,0,0,0
2.77538,0.500044,0.496593,0.0322659,0.481708,0.536634,1.16935,1.74E-15,2.97154,2.99736,2.93636,7.04236,0,0,0,0,0,0,0,0
2.77973,0.500044,0.496593,0.0322712,0.481413,0.536303,1.17685,1.74E-15,2.97309,2.99692,2.91754,7.03577,0,0,0,0,0,0,0,0
