"Time","Demand 1","Control 1","Output Drive 1","Channel 1","Channel 2","Channel 3","Channel 4","Channel 1 Kurtosis","Channel 2 Kurtosis","Channel 3 Kurtosis","Channel 4 Kurtosis","Rear Input 1","Rear Input 2","Rear Input 3","Rear Input 4","Rear Input 5","Rear Input 6","Rear Input 7","Rear Input 8"
"0.000683333","0.500044","0.187392","0","0.308509","0.246578","0.275627","1.52374e-15","3.25417","2.95754","6.15542","4.6326","0","0","0","0","0","0","0","0"
"0.000683333","0.500044","0.187392","0","0.308509","0.246578","0.275627","1.52374e-15","3.25417","2.95754","6.15542","4.6326","0","0","0","0","0","0","0","0"
"0.00708333","0.500044","0.187392","0","0.29869","0.234922","0.271554","1.56629e-15","3.98319","2.17411","2.59704","3.11422","0","0","0","0","0","0","0","0"
"0.01045","0.500044","0.206142","1.28785e-05","0.248017","0.212317","0.38864","1.7728e-15","3.35462","3.01605","6.98692","7.83211","0","0","0","0","0","0","0","0"
"0.0137333","0.500044","0.205135","1.37604e-05","0.274654","0.221605","0.255023","1.87614e-15","2.17982","2.16881","6.72699","5.98179","0","0","0","0","0","0","0","0"
"0.0171167","0.500044","0.205135","1.48657e-05","0.247148","0.203142","0.254461","1.97931e-15","3.25357","2.64625","6.12123","6.83443","0","0","0","0","0","0","0","0"
"0.0205167","0.500044","0.205135","1.58836e-05","0.259961","0.212153","0.278741","1.8877e-15","2.35367","2.37246","5.59525","7.01577","0","0","0","0","0","0","0","0"
"0.024","0.500044","0.205135","1.71596e-05","0.285143","0.229495","0.300607","1.5906e-15","2.60855","2.19671","6.44478","4.27","0","0","0","0","0","0","0","0"
"0.0272667","0.500044","0.155199","1.83345e-05","0.252102","0.195968","0.284819","1.72e-15","2.57504","2.81936","4.46224","6.93836","0","0","0","0","0","0","0","0"
"0.0306667","0.500044","0.155199","1.98073e-05","0.244117","0.216166","0.252524","1.63887e-15","2.88345","2.78395","6.11883","7.21826","0","0","0","0","0","0","0","0"
"0.03405","0.500044","0.155199","2.11636e-05","0.282873","0.216604","0.268603","1.76106e-15","2.70503","2.63686","5.24426","5.10871","0","0","0","0","0","0","0","0"
"0.0374333","0.500044","0.155199","2.28637e-05","0.233239","0.214338","0.323633","1.75987e-15","2.75624","2.66764","6.13296","6.8774","0","0","0","0","0","0","0","0"
"0.0409167","0.500044","0.155199","2.44292e-05","0.283234","0.175905","0.376049","1.50787e-15","2.40147","2.95656","5.5643","2.33407","0","0","0","0","0","0","0","0"
"0.0442","0.500044","0.157551","2.63916e-05","0.25098","0.219826","0.272562","1.56412e-15","2.6582","3.06072","4.70868","3.7648","0","0","0","0","0","0","0","0"
"0.0476","0.500044","0.157551","2.81987e-05","0.23504","0.219443","0.259774","1.51022e-15","2.61842","2.49925","6.97444","3.75344","0","0","0","0","0","0","0","0"
"0.0509667","0.500044","0.157551","3.04639e-05","0.284952","0.243041","0.325486","1.49871e-15","2.32589","2.50259","6.44834","4.66353","0","0","0","0","0","0","0","0"
"0.05435","0.500044","0.157551","3.25498e-05","0.282212","0.199285","0.345261","1.67812e-15","2.85646","2.81199","6.50288","4.05756","0","0","0","0","0","0","0","0"
"0.05785","0.500044","0.157551","3.51646e-05","0.207854","0.183897","0.263797","1.80041e-15","2.9115","2.67902","6.47745","6.40094","0","0","0","0","0","0","0","0"
"0.0611333","0.500044","0.209732","3.75723e-05","0.293624","0.204189","0.25246","1.9115e-15","2.40505","2.39271","11.681","7.60388","0","0","0","0","0","0","0","0"
"0.0676333","0.500044","0.209732","4.33699e-05","0.232973","0.222386","0.343771","1.79836e-15","3.45619","3.25395","8.63296","9.31174","0","0","0","0","0","0","0","0"
"0.0710167","0.500044","0.209732","4.63395e-05","0.249014","0.205437","0.328071","1.55531e-15","2.28931","2.85073","8.62051","5.77696","0","0","0","0","0","0","0","0"
"0.0745167","0.500044","0.209732","5.00619e-05","0.283529","0.222892","0.318618","1.48026e-15","4.34938","2.75717","8.25567","5.50798","0","0","0","0","0","0","0","0"
"0.0778","0.500044","0.211451","5.34898e-05","0.203561","0.212198","0.311839","1.68542e-15","2.52858","2.99693","6.66622","5.21344","0","0","0","0","0","0","0","0"
"0.0811833","0.500044","0.211451","5.77866e-05","0.222133","0.197204","0.236059","1.92793e-15","2.80412","3.18104","6.90993","7.64698","0","0","0","0","0","0","0","0"
"0.0845667","0.500044","0.211451","6.17434e-05","0.259214","0.179479","0.246487","1.853e-15","2.42077","2.36085","4.0286","6.78112","0","0","0","0","0","0","0","0"
"0.08795","0.500044","0.211451","6.67033e-05","0.280542","0.222085","0.373125","1.70292e-15","2.48019","2.64374","6.94516","9.34534","0","0","0","0","0","0","0","0"
"0.0914333","0.500044","0.211451","7.12706e-05","0.228864","0.239318","0.30737","1.42545e-15","2.32865","2.63413","5.81096","3.38533","0","0","0","0","0","0","0","0"
"0.0947167","0.500044","0.212475","7.69958e-05","0.228261","0.192618","0.249026","1.50018e-15","2.84239","2.61757","8.29756","4.46051","0","0","0","0","0","0","0","0"
"0.0981","0.500044","0.212475","8.22678e-05","0.285488","0.190149","0.2523","1.71429e-15","2.37184","2.50414","5.85386","5.54854","0","0","0","0","0","0","0","0"
"0.101483","0.500044","0.212475","8.88764e-05","0.301661","0.213678","0.409772","1.8475e-15","2.50485","2.45307","6.73825","8.02038","0","0","0","0","0","0","0","0"
"0.104883","0.500044","0.212475","9.49619e-05","0.22526","0.221888","0.344768","1.89657e-15","2.73277","2.47637","4.86429","8.5713","0","0","0","0","0","0","0","0"
"0.108367","0.500044","0.212475","0.00010259","0.30787","0.220281","0.271178","1.55686e-15","2.65312","2.28628","6.0822","6.1553","0","0","0","0","0","0","0","0"
"0.11165","0.500044","0.210237","0.000109615","0.211268","0.192704","0.264734","1.41646e-15","2.98671","2.29494","3.08439","4.02876","0","0","0","0","0","0","0","0"
"0.115033","0.500044","0.210237","0.00011842","0.273115","0.234778","0.263871","1.50247e-15","2.78786","3.45964","7.27303","3.33783","0","0","0","0","0","0","0","0"
"0.118433","0.500044","0.210237","0.000126529","0.240309","0.216553","0.268982","1.7545e-15","3.1205","2.2807","5.80195","5.15806","0","0","0","0","0","0","0","0"
"0.121817","0.500044","0.210237","0.000136693","0.295595","0.222375","0.339891","1.81028e-15","2.36204","2.69905","6.99579","7.199","0","0","0","0","0","0","0","0"
"0.125317","0.500044","0.210237","0.000146052","0.232379","0.241962","0.338279","1.75273e-15","2.77264","2.85114","6.69733","6.33812","0","0","0","0","0","0","0","0"
"0.128583","0.500044","0.209178","0.000157785","0.251818","0.205123","0.251346","1.77818e-15","2.5853","3.12831","4.76846","8.7588","0","0","0","0","0","0","0","0"
"0.131967","0.500044","0.209178","0.000168589","0.238732","0.207342","0.264076","1.53078e-15","2.76623","3.10779","8.1731","3.56506","0","0","0","0","0","0","0","0"
"0.13535","0.500044","0.209178","0.000182132","0.26603","0.212301","0.408743","1.65488e-15","2.68294","2.41357","6.20853","6.43273","0","0","0","0","0","0","0","0"
"0.13875","0.500044","0.209178","0.000194602","0.236004","0.231321","0.331358","1.75936e-15","2.54847","2.65011","6.65749","7.66208","0","0","0","0","0","0","0","0"
"0.142233","0.500044","0.209178","0.000210235","0.231216","0.170289","0.268161","1.82237e-15","2.6578","3.08108","3.58657","8.39768","0","0","0","0","0","0","0","0"
"0.145667","0.500044","0.208733","0.00022463","0.246209","0.173751","0.255204","1.75599e-15","2.9532","2.50792","7.02597","7.93792","0","0","0","0","0","0","0","0"
"0.150983","0.500044","0.208733","0.00025363","0.28791","0.212918","0.291727","1.76058e-15","2.46888","3.25628","6.37167","9.12657","0","0","0","0","0","0","0","0"
"0.154367","0.500044","0.208733","0.000270996","0.288223","0.21387","0.325639","1.57569e-15","2.52149","2.49575","6.92003","4.27118","0","0","0","0","0","0","0","0"
"0.15785","0.500044","0.208733","0.000292766","0.242053","0.205956","0.230265","1.47628e-15","3.30243","2.27571","7.06348","2.69434","0","0","0","0","0","0","0","0"
"0.16115","0.500044","0.20644","0.000312812","0.249142","0.196661","0.228069","1.57096e-15","2.48345","2.59864","4.84512","3.59593","0","0","0","0","0","0","0","0"
"0.164533","0.500044","0.20644","0.00033794","0.263171","0.185064","0.303355","1.62326e-15","2.79261","2.66166","7.13249","4.81344","0","0","0","0","0","0","0","0"
"0.167917","0.500044","0.20644","0.000361079","0.251916","0.209016","0.346181","1.7185e-15","2.6299","2.51634","5.90564","7.5099","0","0","0","0","0","0","0","0"
"0.171367","0.500044","0.20644","0.000390085","0.2646","0.216233","0.24407","1.77363e-15","2.79251","2.91201","8.15465","7.84049","0","0","0","0","0","0","0","0"
"0.174783","0.500044","0.20644","0.000416795","0.232971","0.185576","0.300845","1.37603e-15","2.64261","2.90161","4.71438","3.42473","0","0","0","0","0","0","0","0"
"0.178067","0.500044","0.202001","0.000450276","0.232697","0.187145","0.230848","1.84413e-15","3.22337","2.40528","5.63254","8.39886","0","0","0","0","0","0","0","0"
"0.18145","0.500044","0.202001","0.000481107","0.233643","0.21623","0.302026","1.80533e-15","3.16645","2.50903","5.86688","6.99179","0","0","0","0","0","0","0","0"
"0.184833","0.500044","0.202001","0.000519755","0.278443","0.219858","0.351501","1.68764e-15","4.15088","2.4023","7.26409","8.24134","0","0","0","0","0","0","0","0"
"0.188233","0.500044","0.202001","0.000555344","0.256256","0.195769","0.376417","1.49877e-15","3.09225","2.64408","5.46748","4.78278","0","0","0","0","0","0","0","0"
"0.191717","0.500044","0.202001","0.000599955","0.34332","0.203201","0.265021","1.40871e-15","2.70409","2.55829","5.34256","4.28125","0","0","0","0","0","0","0","0"
"0.195","0.500044","0.205834","0.000641035","0.24911","0.199862","0.244034","1.53767e-15","2.87755","2.62822","5.9878","6.0129","0","0","0","0","0","0","0","0"
"0.198533","0.500044","0.205834","0.00069253","0.210476","0.197326","0.335033","1.53236e-15","3.54815","3.83182","5.29656","3.63321","0","0","0","0","0","0","0","0"
"0.201933","0.500044","0.205834","0.000748161","0.289367","0.204662","0.274048","1.50131e-15","2.7701","2.72929","5.85797","3.33056","0","0","0","0","0","0","0","0"
"0.205317","0.500044","0.205834","0.000799389","0.300222","0.207187","0.228788","1.58862e-15","3.16966","2.5625","6.68707","5.08849","0","0","0","0","0","0","0","0"
"0.2089","0.500044","0.205834","0.000863605","0.238728","0.214405","0.345117","1.74556e-15","3.01825","2.71077","5.64541","5.32548","0","0","0","0","0","0","0","0"
"0.212183","0.500044","0.211908","0.000922737","0.299298","0.203888","0.381912","1.71205e-15","2.2137","3.26815","7.45199","5.9343","0","0","0","0","0","0","0","0"
"0.215567","0.500044","0.211908","0.000996861","0.237668","0.223642","0.237868","1.88017e-15","2.66452","3.49966","6.27982","6.95166","0","0","0","0","0","0","0","0"
"0.218967","0.500044","0.211908","0.00106512","0.295925","0.186648","0.228783","1.82246e-15","2.61088","3.50295","4.64609","7.5606","0","0","0","0","0","0","0","0"
"0.22235","0.500044","0.211908","0.00115068","0.33031","0.218239","0.310362","1.87762e-15","2.31532","2.99601","4.63631","7.39211","0","0","0","0","0","0","0","0"
"0.225833","0.500044","0.211908","0.00122947","0.28303","0.218497","0.393091","1.87869e-15","2.37367","2.81524","6.09249","9.59298","0","0","0","0","0","0","0","0"
"0.229117","0.500044","0.223785","0.00132823","0.324801","0.237807","0.234083","1.79493e-15","2.40386","2.81797","14.7892","9.03406","0","0","0","0","0","0","0","0"
"0.234367","0.500044","0.223785","0.00148324","0.266304","0.210803","0.285417","1.78007e-15","2.66108","3.1206","4.2828","9.26609","0","0","0","0","0","0","0","0"
"0.237767","0.500044","0.223785","0.0015848","0.355736","0.19348","0.360684","1.70433e-15","2.48483","3.65479","7.4921","8.33385","0","0","0","0","0","0","0","0"
"0.24125","0.500044","0.223785","0.00171211","0.305711","0.235791","0.32849","1.3911e-15","2.63576","2.62861","5.37836","3.83449","0","0","0","0","0","0","0","0"
"0.24455","0.500044","0.226996","0.00182934","0.348864","0.219909","0.244614","1.54357e-15","2.26074","2.63588","3.50776","4.07673","0","0","0","0","0","0","0","0"
"0.247917","0.500044","0.226996","0.0019763","0.335375","0.197214","0.284485","1.6063e-15","2.27589","2.8464","4.00774","2.85614","0","0","0","0","0","0","0","0"
"0.2513","0.500044","0.226996","0.00211162","0.295645","0.228194","0.401908","1.59635e-15","2.70589","3.03396","3.4306","5.46364","0","0","0","0","0","0","0","0"
"0.254683","0.500044","0.226996","0.00228124","0.321857","0.2025","0.25665","1.71015e-15","2.52188","3.83057","8.56444","6.5182","0","0","0","0","0","0","0","0"
"0.2582","0.500044","0.226996","0.00243744","0.325441","0.21481","0.244832","1.2958e-15","2.44708","2.88325","9.48759","3.25604","0","0","0","0","0","0","0","0"
"0.261467","0.500044","0.236034","0.00263325","0.258624","0.168051","0.381644","1.90333e-15","3.14871","3.14012","3.84221","7.10408","0","0","0","0","0","0","0","0"
"0.26485","0.500044","0.236034","0.00281355","0.349058","0.252516","0.346865","1.97759e-15","2.46639","2.57289","4.78087","8.00502","0","0","0","0","0","0","0","0"
"0.268233","0.500044","0.236034","0.00303956","0.297027","0.21959","0.25347","1.64462e-15","2.52989","2.758","7.85102","8.4911","0","0","0","0","0","0","0","0"
"0.271617","0.500044","0.236034","0.00324769","0.266157","0.228984","0.326255","1.52881e-15","3.79637","2.80492","6.2934","3.93965","0","0","0","0","0","0","0","0"
"0.275117","0.500044","0.236034","0.00350857","0.30209","0.25219","0.343179","1.54596e-15","3.22256","2.45269","5.44234","4.8759","0","0","0","0","0","0","0","0"
"0.278383","0.500044","0.242716","0.00374881","0.305139","0.256962","0.361706","1.49755e-15","2.51858","2.85736","5.60896","4.50125","0","0","0","0","0","0","0","0"
"0.281767","0.500044","0.242716","0.00404996","0.327347","0.210892","0.314869","1.73081e-15","2.41713","2.64871","4.8121","8.2803","0","0","0","0","0","0","0","0"
"0.285167","0.500044","0.242716","0.00432726","0.311408","0.275315","0.319019","1.85313e-15","3.03392","2.42615","4.14428","7.11875","0","0","0","0","0","0","0","0"
"0.28855","0.500044","0.242716","0.00467488","0.335391","0.232047","0.392089","1.83723e-15","2.78145","2.81602","4.22417","5.91137","0","0","0","0","0","0","0","0"
"0.29205","0.500044","0.242716","0.00499497","0.335832","0.257778","0.412978","1.72129e-15","2.77395","2.97405","9.51259","11.3461","0","0","0","0","0","0","0","0"
"0.295317","0.500044","0.247248","0.00539622","0.31512","0.256497","0.348511","1.54443e-15","2.82869","2.65865","3.02135","6.12802","0","0","0","0","0","0","0","0"
"0.2987","0.500044","0.247248","0.00576571","0.326588","0.281253","0.256769","1.45588e-15","2.81977","2.30281","7.70988","2.61247","0","0","0","0","0","0","0","0"
"0.302083","0.500044","0.247248","0.00622888","0.313964","0.301808","0.37053","1.48104e-15","3.36983","2.75729","4.09059","5.65274","0","0","0","0","0","0","0","0"
"0.30565","0.500044","0.247248","0.00665538","0.306848","0.250857","0.370868","1.71041e-15","3.24194","2.66033","6.32487","5.95437","0","0","0","0","0","0","0","0"
"0.309033","0.500044","0.247248","0.00719001","0.415361","0.317769","0.267731","1.83285e-15","2.93713","2.89805","7.86637","6.84064","0","0","0","0","0","0","0","0"
"0.3123","0.500044","0.258892","0.00768232","0.337498","0.285008","0.358265","1.95827e-15","2.85191","3.81169","5.45609","6.65558","0","0","0","0","0","0","0","0"
"0.317767","0.500044","0.258892","0.0086741","0.414685","0.353716","0.393203","1.58001e-15","2.72069","2.41045","3.61819","6.00962","0","0","0","0","0","0","0","0"
"0.32115","0.500044","0.258892","0.00926803","0.509236","0.421613","0.470866","1.40614e-15","4.11667","2.87401","3.62069","3.41165","0","0","0","0","0","0","0","0"
"0.32465","0.500044","0.258892","0.009996","0.392683","0.276007","0.516676","1.47854e-15","2.23067","3.55741","3.97668","3.01443","0","0","0","0","0","0","0","0"
"0.327933","0.500044","0.283402","0.0106152","0.499035","0.451989","0.422138","1.60907e-15","2.69275","2.25758","3.63677","6.30325","0","0","0","0","0","0","0","0"
"0.3313","0.500044","0.283402","0.0113375","0.385197","0.30444","0.37936","1.91799e-15","2.91082","2.88021","2.91462","9.08455","0","0","0","0","0","0","0","0"
"0.334683","0.500044","0.283402","0.0119567","0.477313","0.363861","0.391991","1.84859e-15","2.40539","2.51039","5.12868","6.74626","0","0","0","0","0","0","0","0"
"0.338083","0.500044","0.283402","0.0126791","0.475051","0.404495","0.482291","1.72921e-15","2.82124","2.25941","2.47179","6.82939","0","0","0","0","0","0","0","0"
"0.341583","0.500044","0.283402","0.0131261","0.54289","0.395781","0.494457","1.40514e-15","2.69943","2.80726","3.35824","2.88183","0","0","0","0","0","0","0","0"
"0.34485","0.500044","0.323779","0.0135017","0.586243","0.509751","0.395647","1.68929e-15","2.48288","3.35477","2.36293","9.83433","0","0","0","0","0","0","0","0"
"0.348233","0.500044","0.323779","0.0138003","0.490469","0.379072","0.421152","1.58374e-15","3.50025","3.366","4.15282","6.24091","0","0","0","0","0","0","0","0"
"0.351617","0.500044","0.323779","0.0140579","0.58327","0.475945","0.444783","1.55559e-15","2.96615","2.67828","4.04411","5.89446","0","0","0","0","0","0","0","0"
"0.355017","0.500044","0.323779","0.0141984","0.510995","0.425189","0.697156","1.68204e-15","3.79616","2.4479","2.41157","3.49604","0","0","0","0","0","0","0","0"
"0.358483","0.500044","0.323779","0.0144792","0.451443","0.401005","0.520456","1.52115e-15","2.92065","2.86258","2.94038","3.12175","0","0","0","0","0","0","0","0"
"0.36255","0.500044","0.382745","0.0145435","0.681641","0.488718","0.594387","1.81383e-15","2.67538","2.95529","2.97574","4.71228","0","0","0","0","0","0","0","0"
"0.365933","0.500044","0.382745","0.0148127","0.540672","0.525908","0.575028","1.88935e-15","3.11532","2.03014","3.94884","9.00875","0","0","0","0","0","0","0","0"
"0.369317","0.500044","0.382745","0.0152543","0.526961","0.438468","0.371696","1.9036e-15","2.52226","2.69873","4.61169","6.33536","0","0","0","0","0","0","0","0"
"0.372733","0.500044","0.382745","0.0156963","0.721479","0.555064","0.639244","1.81159e-15","2.40303","3.10987","4.16775","9.73622","0","0","0","0","0","0","0","0"
"0.3762","0.500044","0.382745","0.0158857","0.497058","0.395573","0.493248","1.54561e-15","3.32726","2.73059","4.28431","6.44654","0","0","0","0","0","0","0","0"
"0.379483","0.500044","0.421532","0.0159265","0.492308","0.406862","0.548599","1.64825e-15","3.19314","2.84447","3.5088","7.26471","0","0","0","0","0","0","0","0"
"0.382917","0.500044","0.421532","0.0159931","0.515683","0.431661","0.603489","1.61824e-15","3.25861","3.21915","4.15445","6.73474","0","0","0","0","0","0","0","0"
"0.386317","0.500044","0.421532","0.0161103","0.533631","0.434522","0.599189","1.57913e-15","3.20927","3.14576","3.72223","5.6107","0","0","0","0","0","0","0","0"
"0.390667","0.500044","0.421532","0.0166122","0.524464","0.457319","0.605497","1.51528e-15","3.11451","3.0422","3.00935","4.44005","0","0","0","0","0","0","0","0"
"0.39385","0.500044","0.443732","0.0166629","0.549879","0.456988","0.591406","1.50855e-15","3.07503","3.10768","3.11674","4.53238","0","0","0","0","0","0","0","0"
"0.39725","0.500044","0.443732","0.0167195","0.560488","0.470024","0.63916","1.61841e-15","2.91204","2.99686","3.13875","5.37081","0","0","0","0","0","0","0","0"
"0.401133","0.500044","0.443732","0.016805","0.540463","0.464686","0.631636","1.69639e-15","2.94654","2.93284","3.33246","6.38862","0","0","0","0","0","0","0","0"
"0.404533","0.500044","0.443732","0.01699","0.526243","0.447505","0.602062","1.76948e-15","2.9336","3.00549","3.47078","6.57935","0","0","0","0","0","0","0","0"
"0.408033","0.500044","0.443732","0.0173199","0.526594","0.451907","0.619181","1.74731e-15","3.15325","3.13967","4.58815","6.18627","0","0","0","0","0","0","0","0"
"0.4113","0.500044","0.454596","0.0173669","0.5452","0.472614","0.7079","1.76062e-15","3.17149","3.15733","3.83561","6.68026","0","0","0","0","0","0","0","0"
"0.414733","0.500044","0.454596","0.0174208","0.539624","0.470883","0.697996","1.75531e-15","3.15206","3.29601","3.97345","6.69625","0","0","0","0","0","0","0","0"
"0.418117","0.500044","0.454596","0.0175172","0.531245","0.470637","0.719916","1.75733e-15","3.13849","3.31622","3.83517","6.90959","0","0","0","0","0","0","0","0"
"0.4215","0.500044","0.454596","0.0176923","0.518775","0.45657","0.706854","1.72957e-15","3.2153","3.37123","4.40616","6.85698","0","0","0","0","0","0","0","0"
"0.425","0.500044","0.454596","0.0180421","0.514574","0.467437","0.696902","1.69056e-15","3.08361","3.26626","4.29868","6.46591","0","0","0","0","0","0","0","0"
"0.428283","0.500044","0.461576","0.0180848","0.515186","0.461677","0.709576","1.66301e-15","3.03459","3.19134","3.98801","6.26234","0","0","0","0","0","0","0","0"
"0.431667","0.500044","0.461576","0.0181748","0.510699","0.456892","0.667512","1.6411e-15","3.05221","3.12995","4.23397","5.92978","0","0","0","0","0","0","0","0"
"0.43505","0.500044","0.461576","0.0183704","0.50455","0.450037","0.673056","1.63936e-15","3.07013","3.11276","3.99344","5.73718","0","0","0","0","0","0","0","0"
"0.43845","0.500044","0.461576","0.0191574","0.501716","0.440785","0.652513","1.66439e-15","2.96474","3.09895","4.11134","5.86409","0","0","0","0","0","0","0","0"
"0.441917","0.500044","0.461576","0.0196965","0.50796","0.44765","0.663794","1.66439e-15","2.9853","3.11115","4.41974","5.82154","0","0","0","0","0","0","0","0"
"0.4452","0.500044","0.465427","0.0199595","0.513643","0.45463","0.713746","1.70258e-15","2.93838","3.1078","4.05631","6.44666","0","0","0","0","0","0","0","0"
"0.448583","0.500044","0.465427","0.0202466","0.525306","0.470805","0.716696","1.73734e-15","2.93991","3.14235","3.92943","6.83769","0","0","0","0","0","0","0","0"
"0.451983","0.500044","0.465427","0.0206243","0.533046","0.477158","0.71438","1.76185e-15","3.00856","3.09153","3.81767","7.01314","0","0","0","0","0","0","0","0"
"0.455367","0.500044","0.465427","0.0209911","0.532397","0.480474","0.734885","1.77858e-15","2.98253","3.13723","3.57614","7.0023","0","0","0","0","0","0","0","0"
"0.45885","0.500044","0.465427","0.0213426","0.547737","0.491764","0.733308","1.76904e-15","2.99227","3.09673","3.51666","7.12081","0","0","0","0","0","0","0","0"
"0.462133","0.500044","0.46487","0.0213952","0.548291","0.49381","0.73927","1.7775e-15","3.07369","3.13222","3.43046","7.13697","0","0","0","0","0","0","0","0"
"0.465517","0.500044","0.46487","0.0214796","0.552789","0.494489","0.757572","1.7862e-15","3.05314","3.11003","3.58549","7.411","0","0","0","0","0","0","0","0"
"0.4689","0.500044","0.46487","0.0215945","0.553518","0.490798","0.782002","1.78093e-15","3.04116","3.06343","3.40635","7.4068","0","0","0","0","0","0","0","0"
"0.472283","0.500044","0.46487","0.0219681","0.551244","0.491116","0.781591","1.75875e-15","2.99952","3.05294","3.28645","7.33678","0","0","0","0","0","0","0","0"
"0.475817","0.500044","0.46487","0.0222249","0.545201","0.490457","0.770938","1.73407e-15","3.0247","3.12445","3.31148","7.0836","0","0","0","0","0","0","0","0"
"0.4791","0.500044","0.467171","0.0222902","0.543986","0.493449","0.779998","1.7155e-15","3.0409","3.12776","3.34283","6.83845","0","0","0","0","0","0","0","0"
"0.484567","0.500044","0.467171","0.0224397","0.553572","0.492989","0.766787","1.67971e-15","2.97043","3.0883","3.3505","6.46888","0","0","0","0","0","0","0","0"
"0.48795","0.500044","0.467171","0.0226867","0.559629","0.499608","0.807474","1.66206e-15","2.96652","3.15436","3.25802","6.24592","0","0","0","0","0","0","0","0"
"0.49145","0.500044","0.467171","0.0231273","0.553675","0.497623","0.784069","1.64971e-15","2.95862","3.12902","3.31607","6.04804","0","0","0","0","0","0","0","0"
"0.494733","0.500044","0.475287","0.02319","0.554091","0.49617","0.781789","1.65785e-15","3.02821","3.16319","3.3416","6.18099","0","0","0","0","0","0","0","0"
"0.498117","0.500044","0.475287","0.023262","0.562695","0.501294","0.789847","1.66387e-15","3.09807","3.17471","3.25874","6.15933","0","0","0","0","0","0","0","0"
"0.5015","0.500044","0.475287","0.0233907","0.560248","0.499429","0.771492","1.67543e-15","3.18467","3.19308","3.3099","6.07004","0","0","0","0","0","0","0","0"
"0.504883","0.500044","0.475287","0.0236245","0.559709","0.492263","0.755773","1.70551e-15","3.20952","3.19075","3.31002","6.2192","0","0","0","0","0","0","0","0"
"0.508367","0.500044","0.475287","0.0240916","0.570636","0.498077","0.802709","1.70354e-15","3.16392","3.26742","3.48191","6.20401","0","0","0","0","0","0","0","0"
"0.51165","0.500044","0.480791","0.0241486","0.577314","0.502788","0.828191","1.71891e-15","3.08922","3.27855","3.23622","6.34559","0","0","0","0","0","0","0","0"
"0.515033","0.500044","0.480791","0.0242387","0.577022","0.505339","0.827896","1.73331e-15","3.22525","3.45537","3.22912","6.40109","0","0","0","0","0","0","0","0"
"0.518417","0.500044","0.480791","0.0243575","0.583602","0.515412","0.860393","1.74514e-15","3.23051","3.4345","3.06644","6.46212","0","0","0","0","0","0","0","0"
"0.521817","0.500044","0.480791","0.024683","0.584525","0.51501","0.86322","1.7593e-15","3.19934","3.36244","2.93879","6.68435","0","0","0","0","0","0","0","0"
"0.525383","0.500044","0.480791","0.0250874","0.592827","0.518294","0.87977","1.74981e-15","3.23764","3.27547","2.87617","6.57942","0","0","0","0","0","0","0","0"
"0.528583","0.500044","0.486241","0.0251582","0.59809","0.520119","0.890812","1.77056e-15","3.20536","3.24248","3.24761","6.7747","0","0","0","0","0","0","0","0"
"0.531967","0.500044","0.486241","0.0252406","0.595669","0.523438","0.929949","1.79095e-15","3.17417","3.22485","3.12905","6.94914","0","0","0","0","0","0","0","0"
"0.53535","0.500044","0.486241","0.0253926","0.597552","0.528387","0.933193","1.80434e-15","3.14103","3.16565","3.00647","7.0223","0","0","0","0","0","0","0","0"
"0.538733","0.500044","0.486241","0.0257033","0.591374","0.526755","0.912217","1.80034e-15","3.11808","3.14715","3.02387","7.01962","0","0","0","0","0","0","0","0"
"0.54225","0.500044","0.486241","0.0259219","0.586396","0.527005","0.957506","1.76499e-15","3.08313","3.10526","2.92041","6.85057","0","0","0","0","0","0","0","0"
"0.5455","0.500044","0.494259","0.0259857","0.58842","0.535891","0.971118","1.73953e-15","3.14422","3.10015","2.84808","6.64148","0","0","0","0","0","0","0","0"
"0.5489","0.500044","0.494259","0.0260841","0.576335","0.523623","0.933103","1.73636e-15","3.14766","3.11884","2.98476","6.60515","0","0","0","0","0","0","0","0"
"0.552267","0.500044","0.494259","0.0261737","0.575848","0.518342","0.906972","1.74691e-15","3.13389","3.14962","3.10238","6.63154","0","0","0","0","0","0","0","0"
"0.555667","0.500044","0.494259","0.0262782","0.574758","0.517019","0.916727","1.77403e-15","3.09583","3.14578","3.14326","6.98239","0","0","0","0","0","0","0","0"
"0.5592","0.500044","0.494259","0.0263371","0.576782","0.515221","0.90624","1.76572e-15","3.08708","3.11013","3.1298","7.0823","0","0","0","0","0","0","0","0"
"0.56245","0.500044","0.504162","0.0264104","0.580862","0.518023","0.923439","1.77291e-15","3.11944","3.1197","3.25907","7.32305","0","0","0","0","0","0","0","0"
"0.5679","0.500044","0.504162","0.0265175","0.592464","0.526235","0.920058","1.74236e-15","3.0498","3.15854","3.18365","7.15234","0","0","0","0","0","0","0","0"
"0.571283","0.500044","0.504162","0.0265925","0.589645","0.533361","0.924342","1.7194e-15","3.05546","3.10356","3.03364","6.92772","0","0","0","0","0","0","0","0"
"0.574783","0.500044","0.504162","0.0266492","0.587245","0.531326","0.91092","1.71548e-15","3.05349","3.11549","2.98482","6.67432","0","0","0","0","0","0","0","0"
"0.578067","0.500044","0.508592","0.0267065","0.579671","0.528147","0.901673","1.74354e-15","3.00247","3.11695","3.00026","6.87974","0","0","0","0","0","0","0","0"
"0.58145","0.500044","0.508592","0.0267555","0.5808","0.525558","0.902653","1.75984e-15","3.00654","3.09697","2.89986","7.05922","0","0","0","0","0","0","0","0"
"0.584833","0.500044","0.508592","0.0268128","0.591137","0.528007","0.914935","1.75366e-15","3.01085","3.02506","2.89601","7.09593","0","0","0","0","0","0","0","0"
"0.588217","0.500044","0.508592","0.0268619","0.589417","0.526652","0.914276","1.74074e-15","2.99825","3.02612","2.85143","7.00764","0","0","0","0","0","0","0","0"
"0.5917","0.500044","0.508592","0.0269217","0.587677","0.529574","0.947104","1.70877e-15","3.01574","3.02622","2.96576","6.8072","0","0","0","0","0","0","0","0"
"0.594983","0.500044","0.512314","0.0269778","0.593142","0.53569","0.942133","1.70564e-15","2.96674","2.928","2.9565","6.74841","0","0","0","0","0","0","0","0"
"0.598367","0.500044","0.512314","0.0270433","0.599799","0.540351","0.931925","1.72198e-15","3.11918","3.07009","2.93763","6.76712","0","0","0","0","0","0","0","0"
"0.601833","0.500044","0.512314","0.0270994","0.600349","0.543044","0.954885","1.74659e-15","3.0589","2.98872","2.84583","6.6842","0","0","0","0","0","0","0","0"
"0.60515","0.500044","0.512314","0.0271648","0.598845","0.546546","1.0042","1.75665e-15","2.98063","2.9818","2.96261","6.93651","0","0","0","0","0","0","0","0"
"0.608617","0.500044","0.512314","0.0271976","0.600329","0.548867","0.992659","1.7478e-15","2.97304","2.99377","3.00939","6.90295","0","0","0","0","0","0","0","0"
"0.6119","0.500044","0.516963","0.0272223","0.600306","0.546464","0.990819","1.72492e-15","2.90686","2.98809","2.92698","6.81203","0","0","0","0","0","0","0","0"
"0.6153","0.500044","0.516963","0.0272434","0.594422","0.540575","0.989001","1.70791e-15","2.95435","2.97395","2.86189","6.61609","0","0","0","0","0","0","0","0"
"0.618683","0.500044","0.516963","0.0272681","0.594837","0.544438","1.00607","1.69129e-15","3.01966","3.06869","2.96087","6.39552","0","0","0","0","0","0","0","0"
"0.622067","0.500044","0.516963","0.0272892","0.590488","0.540283","1.001","1.70071e-15","3.03685","3.09321","2.96396","6.40445","0","0","0","0","0","0","0","0"
"0.625567","0.500044","0.516963","0.0273176","0.595603","0.546378","1.0262","1.71251e-15","3.09327","3.19269","2.97774","6.80082","0","0","0","0","0","0","0","0"
"0.628833","0.500044","0.522939","0.0273434","0.592757","0.541185","1.04007","1.72417e-15","3.10345","3.16949","3.22918","7.04536","0","0","0","0","0","0","0","0"
"0.632233","0.500044","0.522939","0.0273733","0.606752","0.54968","1.07295","1.7243e-15","3.05268","3.12221","3.00828","7.12949","0","0","0","0","0","0","0","0"
"0.63575","0.500044","0.522939","0.0273991","0.601678","0.543537","1.06961","1.70013e-15","3.06303","3.13183","2.92775","6.99361","0","0","0","0","0","0","0","0"
"0.638983","0.500044","0.522939","0.0274291","0.610776","0.550037","1.0718","1.68394e-15","2.98786","3.0775","3.03362","6.75566","0","0","0","0","0","0","0","0"
"0.642483","0.500044","0.522939","0.0274434","0.6011","0.539734","1.0396","1.67818e-15","3.03161","3.08227","3.08094","6.55576","0","0","0","0","0","0","0","0"
"0.645767","0.500044","0.527359","0.0274575","0.613115","0.548285","1.07525","1.71892e-15","3.15446","3.04027","3.0752","6.7866","0","0","0","0","0","0","0","0"
"0.651233","0.500044","0.527359","0.0274777","0.61312","0.554102","1.13432","1.74105e-15","3.14254","3.02885","2.92698","7.01014","0","0","0","0","0","0","0","0"
"0.654617","0.500044","0.527359","0.0274918","0.60349","0.544318","1.09092","1.72519e-15","3.13077","3.05785","3.02865","6.90328","0","0","0","0","0","0","0","0"
"0.6581","0.500044","0.527359","0.0275168","0.59823","0.53631","1.05909","1.699e-15","3.07167","3.0594","3.12456","6.68241","0","0","0","0","0","0","0","0"
"0.661383","0.500044","0.531164","0.027561","0.601708","0.535343","1.04175","1.70517e-15","3.04854","3.02503","3.07337","6.73925","0","0","0","0","0","0","0","0"
"0.664767","0.500044","0.531164","0.0275989","0.601519","0.534579","1.04804","1.72767e-15","3.0635","3.13182","3.07098","6.91075","0","0","0","0","0","0","0","0"
"0.66815","0.500044","0.531164","0.0276431","0.599758","0.537289","1.02431","1.74966e-15","3.05631","3.10721","3.14248","7.11403","0","0","0","0","0","0","0","0"
"0.671533","0.500044","0.531164","0.027681","0.594755","0.531952","1.00352","1.75889e-15","3.04865","3.11096","3.18379","7.17015","0","0","0","0","0","0","0","0"
"0.675033","0.500044","0.531164","0.0277355","0.593319","0.531574","0.977773","1.73966e-15","3.00883","3.12763","3.25947","6.98875","0","0","0","0","0","0","0","0"
"0.6804","0.500044","0.535433","0.0278254","0.598197","0.542363","1.01535","1.70199e-15","2.91074","3.05886","3.13981","6.68472","0","0","0","0","0","0","0","0"
"0.683783","0.500044","0.535433","0.0278883","0.597631","0.545798","1.02945","1.69079e-15","2.95818","3.02807","3.15093","6.58466","0","0","0","0","0","0","0","0"
"0.687133","0.500044","0.535433","0.0279423","0.593863","0.541157","1.00391","1.70459e-15","3.05832","3.11556","3.19835","6.63727","0","0","0","0","0","0","0","0"
"0.69075","0.500044","0.535433","0.0280052","0.599896","0.538366","1.00063","1.71919e-15","3.06665","3.1446","3.20895","6.63817","0","0","0","0","0","0","0","0"
"0.694017","0.500044","0.536433","0.0280593","0.59574","0.536162","0.985557","1.72907e-15","3.0262","3.11047","3.20321","6.55184","0","0","0","0","0","0","0","0"
"0.6974","0.500044","0.536433","0.0281224","0.591389","0.537152","1.00162","1.73792e-15","3.02682","3.0815","3.20758","6.61045","0","0","0","0","0","0","0","0"
"0.700783","0.500044","0.536433","0.0281765","0.593069","0.539693","1.01574","1.73423e-15","2.99191","3.04976","3.04314","6.60058","0","0","0","0","0","0","0","0"
"0.704183","0.500044","0.536433","0.0282396","0.590002","0.537229","1.00827","1.71871e-15","2.98616","3.01389","2.99527","6.45421","0","0","0","0","0","0","0","0"
"0.707683","0.500044","0.536433","0.028283","0.591102","0.539282","0.999419","1.69835e-15","2.93449","2.97032","2.95854","6.2897","0","0","0","0","0","0","0","0"
"0.711083","0.500044","0.537319","0.0283086","0.598084","0.542137","0.985649","1.68945e-15","2.92428","2.95141","2.94739","6.27825","0","0","0","0","0","0","0","0"
"0.714333","0.500044","0.537319","0.0283306","0.592748","0.53722","0.954703","1.71097e-15","2.90107","2.95977","3.06376","6.54389","0","0","0","0","0","0","0","0"
"0.717733","0.500044","0.537319","0.0283562","0.586917","0.535332","0.95942","1.72581e-15","2.9192","2.98039","3.01781","6.63881","0","0","0","0","0","0","0","0"
"0.7211","0.500044","0.537319","0.0283781","0.583629","0.530605","1.00763","1.73626e-15","2.97049","2.9771","2.94413","6.89382","0","0","0","0","0","0","0","0"
"0.724583","0.500044","0.537319","0.0283923","0.588206","0.536607","1.02346","1.72679e-15","3.00621","3.0042","3.00794","6.81595","0","0","0","0","0","0","0","0"
"0.728","0.500044","0.537855","0.0283912","0.589259","0.537604","1.01425","1.71134e-15","3.00172","3.00885","3.00662","6.76977","0","0","0","0","0","0","0","0"
"0.731267","0.500044","0.537855","0.02839","0.600645","0.545373","1.01654","1.6979e-15","3.05273","3.01948","2.94072","6.64976","0","0","0","0","0","0","0","0"
"0.73465","0.500044","0.537855","0.028389","0.607328","0.551186","1.0363","1.70182e-15","3.03478","3.09228","3.21649","6.68442","0","0","0","0","0","0","0","0"
"0.738033","0.500044","0.537855","0.0283878","0.601515","0.546613","1.03816","1.71775e-15","3.01052","3.07446","3.12742","6.92633","0","0","0","0","0","0","0","0"
"0.74155","0.500044","0.537855","0.0283896","0.603268","0.548892","1.0426","1.72131e-15","2.96827","3.10166","3.14841","6.89136","0","0","0","0","0","0","0","0"
"0.7448","0.500044","0.537852","0.0283951","0.603169","0.54955","1.04516","1.7273e-15","3.00221","3.07755","3.10399","6.96667","0","0","0","0","0","0","0","0"
"0.748183","0.500044","0.537852","0.0283998","0.603548","0.548154","1.04741","1.72453e-15","3.05578","3.10519","3.18082","6.90561","0","0","0","0","0","0","0","0"
"0.751567","0.500044","0.537852","0.0284053","0.601921","0.544397","1.03257","1.70807e-15","3.04334","3.07366","3.17673","6.79069","0","0","0","0","0","0","0","0"
"0.75495","0.500044","0.537852","0.02841","0.602275","0.542043","1.04434","1.69747e-15","3.07955","3.10291","3.12543","6.62863","0","0","0","0","0","0","0","0"
"0.75845","0.500044","0.537852","0.0284134","0.597991","0.538825","1.03545","1.69386e-15","3.08029","3.06596","3.13122","6.51924","0","0","0","0","0","0","0","0"
"0.761733","0.500044","0.539414","0.0284151","0.598604","0.540187","1.02764","1.70841e-15","3.1049","3.06161","3.12799","6.66558","0","0","0","0","0","0","0","0"
"0.765117","0.500044","0.539414","0.028417","0.597581","0.539254","1.01749","1.72451e-15","3.05488","3.03712","3.09459","6.80699","0","0","0","0","0","0","0","0"
"0.7685","0.500044","0.539414","0.0284187","0.597057","0.541865","1.02645","1.73382e-15","3.04723","3.0313","3.15678","6.83216","0","0","0","0","0","0","0","0"
"0.771883","0.500044","0.539414","0.0284206","0.59073","0.535484","1.00712","1.73406e-15","3.05613","3.04093","3.18468","6.86348","0","0","0","0","0","0","0","0"
"0.7754","0.500044","0.539414","0.0284202","0.586635","0.532204","0.999154","1.7254e-15","3.04105","3.01813","3.19374","6.80223","0","0","0","0","0","0","0","0"
"0.77865","0.500044","0.541393","0.0284185","0.583935","0.529413","1.02115","1.70968e-15","3.04924","3.00954","3.07408","6.71155","0","0","0","0","0","0","0","0"
"0.782033","0.500044","0.541393","0.0284171","0.590272","0.532919","1.01622","1.70783e-15","3.07546","3.02623","3.06832","6.63993","0","0","0","0","0","0","0","0"
"0.785433","0.500044","0.541393","0.0284154","0.586637","0.527622","1.00279","1.71441e-15","3.08334","3.05588","3.06393","6.67931","0","0","0","0","0","0","0","0"
"0.788817","0.500044","0.541393","0.028414","0.584477","0.524604","0.987016","1.72509e-15","3.08008","3.04154","3.11315","6.73835","0","0","0","0","0","0","0","0"
"0.7923","0.500044","0.541393","0.0284145","0.586307","0.526661","0.991764","1.72013e-15","3.05495","3.06043","3.07975","6.77146","0","0","0","0","0","0","0","0"
"0.795583","0.500044","0.54076","0.0284158","0.59218","0.531918","1.03258","1.70866e-15","3.08924","3.0806","3.15604","6.72183","0","0","0","0","0","0","0","0"
"0.798967","0.500044","0.54076","0.0284172","0.592587","0.530902","1.02854","1.70811e-15","3.07195","3.09114","3.14149","6.65122","0","0","0","0","0","0","0","0"
"0.80235","0.500044","0.54076","0.0284185","0.593356","0.531701","1.02731","1.72383e-15","3.05","3.0666","3.14286","6.73538","0","0","0","0","0","0","0","0"
"0.805733","0.500044","0.54076","0.0284199","0.590415","0.5287","1.00661","1.73291e-15","3.03353","3.03575","3.22161","6.84982","0","0","0","0","0","0","0","0"
"0.80925","0.500044","0.54076","0.0284231","0.591338","0.526605","0.997088","1.72797e-15","3.03623","3.03992","3.23301","6.77865","0","0","0","0","0","0","0","0"
"0.812517","0.500044","0.539408","0.0284271","0.588911","0.525789","0.986215","1.71643e-15","3.02418","3.04663","3.24193","6.68027","0","0","0","0","0","0","0","0"
"0.817983","0.500044","0.539408","0.028433","0.586358","0.523725","0.973453","1.71498e-15","2.98351","3.04596","3.25994","6.62989","0","0","0","0","0","0","0","0"
"0.821367","0.500044","0.539408","0.0284371","0.588527","0.524003","0.990471","1.73101e-15","2.95976","3.04154","3.33371","6.77096","0","0","0","0","0","0","0","0"
"0.824867","0.500044","0.539408","0.0284428","0.587857","0.525197","0.982247","1.73358e-15","2.968","3.03905","3.34788","6.7492","0","0","0","0","0","0","0","0"
"0.828133","0.500044","0.53923","0.0284521","0.588716","0.528606","0.987014","1.72681e-15","2.9811","3.09064","3.34768","6.75749","0","0","0","0","0","0","0","0"
"0.831517","0.500044","0.53923","0.0284601","0.587194","0.528278","1.00164","1.718e-15","2.99087","3.08122","3.28702","6.70225","0","0","0","0","0","0","0","0"
"0.8349","0.500044","0.53923","0.0284695","0.592381","0.533562","1.01524","1.71544e-15","3.01677","3.06796","3.20516","6.65083","0","0","0","0","0","0","0","0"
"0.838283","0.500044","0.53923","0.0284774","0.596535","0.538038","1.02474","1.72334e-15","3.00815","3.03578","3.15061","6.65709","0","0","0","0","0","0","0","0"
"0.841783","0.500044","0.53923","0.0284853","0.596976","0.538139","1.01874","1.72458e-15","2.99733","3.0393","3.17397","6.66223","0","0","0","0","0","0","0","0"
"0.845067","0.500044","0.538908","0.0284912","0.596536","0.536478","1.01335","1.72057e-15","2.98711","3.03711","3.15981","6.69587","0","0","0","0","0","0","0","0"
"0.84845","0.500044","0.538908","0.028498","0.595942","0.537708","1.03073","1.71182e-15","2.96496","3.03641","3.12799","6.5977","0","0","0","0","0","0","0","0"
"0.851833","0.500044","0.538908","0.0285039","0.594696","0.53603","1.03058","1.71102e-15","2.96831","3.07422","3.08688","6.53961","0","0","0","0","0","0","0","0"
"0.855233","0.500044","0.538908","0.0285107","0.596059","0.535731","1.01888","1.71965e-15","2.96356","3.07922","3.14253","6.61751","0","0","0","0","0","0","0","0"
"0.858733","0.500044","0.538908","0.0285115","0.591398","0.529718","1.01091","1.7222e-15","2.97432","3.10799","3.13317","6.61779","0","0","0","0","0","0","0","0"
"0.861983","0.500044","0.539373","0.0285095","0.592235","0.531399","0.999833","1.72692e-15","2.95895","3.12351","3.15297","6.76057","0","0","0","0","0","0","0","0"
"0.865367","0.500044","0.539373","0.0285077","0.590883","0.530026","0.98974","1.72087e-15","2.95298","3.12021","3.18453","6.71569","0","0","0","0","0","0","0","0"
"0.868767","0.500044","0.539373","0.0285057","0.589869","0.527723","0.980011","1.71411e-15","2.94388","3.10799","3.22068","6.57364","0","0","0","0","0","0","0","0"
"0.872133","0.500044","0.539373","0.0285039","0.589005","0.526681","0.974954","1.7178e-15","2.94635","3.11635","3.2215","6.5351","0","0","0","0","0","0","0","0"
"0.875667","0.500044","0.539373","0.0285057","0.589808","0.527409","0.965389","1.72271e-15","2.94648","3.11638","3.23916","6.5438","0","0","0","0","0","0","0","0"
"0.87895","0.500044","0.540433","0.0285085","0.589747","0.528774","0.962713","1.72538e-15","2.96797","3.1085","3.26857","6.58713","0","0","0","0","0","0","0","0"
"0.882333","0.500044","0.540433","0.0285118","0.588496","0.526703","0.964221","1.71697e-15","2.96329","3.11284","3.25502","6.61063","0","0","0","0","0","0","0","0"
"0.885717","0.500044","0.540433","0.0285146","0.585618","0.525892","0.955649","1.70787e-15","2.95951","3.08431","3.26239","6.5343","0","0","0","0","0","0","0","0"
"0.8891","0.500044","0.540433","0.0285178","0.586278","0.525748","0.965073","1.7077e-15","2.9729","3.08024","3.19637","6.52757","0","0","0","0","0","0","0","0"
"0.892617","0.500044","0.540433","0.0285204","0.585837","0.523941","0.973116","1.70633e-15","2.96552","3.06711","3.14297","6.49665","0","0","0","0","0","0","0","0"
"0.895883","0.500044","0.539725","0.0285233","0.585115","0.523373","1.00017","1.71551e-15","2.95644","3.05082","3.11278","6.57846","0","0","0","0","0","0","0","0"
"0.901333","0.500044","0.539725","0.0285275","0.586112","0.525488","1.0118","1.71507e-15","2.94577","3.04716","3.12612","6.67081","0","0","0","0","0","0","0","0"
"0.904733","0.500044","0.539725","0.0285304","0.588693","0.526847","1.00617","1.70848e-15","2.93818","3.01557","3.10311","6.6095","0","0","0","0","0","0","0","0"
"0.908233","0.500044","0.539725","0.0285337","0.589162","0.525905","1.01365","1.69834e-15","2.92249","3.01589","3.14996","6.56077","0","0","0","0","0","0","0","0"
"0.9115","0.500044","0.538894","0.0285384","0.587999","0.52302","1.00802","1.69785e-15","2.91746","3.02474","3.15845","6.54925","0","0","0","0","0","0","0","0"
"0.914883","0.500044","0.538894","0.0285425","0.5905","0.525163","1.00345","1.70786e-15","2.93387","3.03717","3.16244","6.59927","0","0","0","0","0","0","0","0"
"0.918267","0.500044","0.538894","0.0285472","0.588277","0.522744","1.00099","1.71752e-15","2.95628","3.03303","3.13997","6.68601","0","0","0","0","0","0","0","0"
"0.92165","0.500044","0.538894","0.0285513","0.585259","0.519794","0.990729","1.71841e-15","2.96818","3.05056","3.16487","6.7416","0","0","0","0","0","0","0","0"
"0.92515","0.500044","0.538894","0.0285538","0.585382","0.519698","0.99254","1.71009e-15","2.97455","3.06151","3.20173","6.72201","0","0","0","0","0","0","0","0"
"0.928417","0.500044","0.538384","0.0285545","0.588136","0.523655","1.01543","1.70556e-15","2.96355","3.08237","3.25919","6.66235","0","0","0","0","0","0","0","0"
"0.9318","0.500044","0.538384","0.0285553","0.587723","0.524294","1.00726","1.70434e-15","2.96878","3.0642","3.27272","6.63001","0","0","0","0","0","0","0","0"
"0.9352","0.500044","0.538384","0.0285561","0.588114","0.525426","1.00891","1.71427e-15","2.97222","3.05737","3.25269","6.69373","0","0","0","0","0","0","0","0"
"0.938583","0.500044","0.538384","0.0285569","0.591415","0.527847","1.02131","1.72026e-15","2.99662","3.06141","3.20472","6.76917","0","0","0","0","0","0","0","0"
"0.9421","0.500044","0.538384","0.0285592","0.589881","0.527104","1.01655","1.71408e-15","2.99471","3.04888","3.19624","6.75763","0","0","0","0","0","0","0","0"
"0.94535","0.500044","0.538176","0.0285627","0.593261","0.530728","1.02374","1.70718e-15","2.99591","3.0577","3.18649","6.70582","0","0","0","0","0","0","0","0"
"0.948733","0.500044","0.538176","0.0285657","0.593873","0.53263","1.03006","1.7027e-15","2.98046","3.03367","3.14812","6.64151","0","0","0","0","0","0","0","0"
"0.952133","0.500044","0.538176","0.0285692","0.592274","0.530529","1.02203","1.70393e-15","2.98728","3.04272","3.16231","6.61544","0","0","0","0","0","0","0","0"
"0.955517","0.500044","0.538176","0.0285722","0.591949","0.530234","1.02359","1.71393e-15","2.99059","3.04513","3.16988","6.66927","0","0","0","0","0","0","0","0"
"0.959","0.500044","0.538176","0.0285765","0.593542","0.530413","1.01839","1.7136e-15","2.97773","3.03122","3.16195","6.64002","0","0","0","0","0","0","0","0"
"0.962283","0.500044","0.538222","0.0285806","0.596343","0.533777","1.02164","1.71117e-15","2.97724","3.03265","3.16944","6.6422","0","0","0","0","0","0","0","0"
"0.965667","0.500044","0.538222","0.0285852","0.593968","0.530839","1.0202","1.70432e-15","2.96947","3.02995","3.16537","6.60881","0","0","0","0","0","0","0","0"
"0.96905","0.500044","0.538222","0.0285892","0.595011","0.531172","1.0257","1.70007e-15","2.97108","3.03533","3.1346","6.55105","0","0","0","0","0","0","0","0"
"0.972433","0.500044","0.538222","0.0285939","0.595441","0.533297","1.04166","1.70308e-15","2.96093","3.02667","3.10053","6.61044","0","0","0","0","0","0","0","0"
"0.975933","0.500044","0.538222","0.0285989","0.594677","0.534242","1.04435","1.705e-15","2.96466","3.02772","3.08052","6.59159","0","0","0","0","0","0","0","0"
"0.979217","0.500044","0.539232","0.028605","0.591425","0.531377","1.0376","1.71356e-15","2.96468","3.0242","3.08677","6.71009","0","0","0","0","0","0","0","0"
"0.984667","0.500044","0.539232","0.0286138","0.587107","0.529054","1.02234","1.71568e-15","2.98767","3.03213","3.12599","6.79488","0","0","0","0","0","0","0","0"
"0.98805","0.500044","0.539232","0.0286199","0.5881","0.528948","1.02099","1.70929e-15","2.96948","3.02243","3.09789","6.79135","0","0","0","0","0","0","0","0"
"0.991567","0.500044","0.539232","0.0286248","0.586638","0.528418","1.01412","1.69951e-15","2.96799","3.0232","3.1195","6.75617","0","0","0","0","0","0","0","0"
"0.994833","0.500044","0.539842","0.0286302","0.586485","0.527528","1.01165","1.69712e-15","2.96692","3.01641","3.11394","6.69313","0","0","0","0","0","0","0","0"
"0.998217","0.500044","0.539842","0.0286348","0.585093","0.526667","1.0057","1.70363e-15","2.96229","3.01244","3.11257","6.77683","0","0","0","0","0","0","0","0"
"1.0016","0.500044","0.539842","0.0286402","0.58644","0.526263","1.0177","1.71293e-15","2.98527","3.02805","3.07399","6.8525","0","0","0","0","0","0","0","0"
"1.00498","0.500044","0.539842","0.0286449","0.58689","0.526073","1.0108","1.71588e-15","3.00486","3.02609","3.08225","6.9144","0","0","0","0","0","0","0","0"
"1.00847","0.500044","0.539842","0.0286476","0.586049","0.526024","1.0057","1.71303e-15","3.00487","3.01849","3.08284","6.91965","0","0","0","0","0","0","0","0"
"1.01175","0.500044","0.539337","0.0286481","0.586844","0.527219","1.02015","1.70896e-15","2.99808","3.03163","3.19332","6.88149","0","0","0","0","0","0","0","0"
"1.01513","0.500044","0.539337","0.0286488","0.587329","0.527667","1.01506","1.70307e-15","2.99037","3.01587","3.19222","6.81564","0","0","0","0","0","0","0","0"
"1.01852","0.500044","0.539337","0.0286493","0.587682","0.526685","1.00409","1.70462e-15","2.98148","3.00762","3.23683","6.81756","0","0","0","0","0","0","0","0"
"1.02192","0.500044","0.539337","0.02865","0.591051","0.527971","1.00445","1.71414e-15","3.00779","3.01983","3.23292","6.8611","0","0","0","0","0","0","0","0"
"1.02542","0.500044","0.539337","0.0286516","0.588448","0.525128","0.994231","1.7142e-15","3.01923","3.02327","3.27337","6.86085","0","0","0","0","0","0","0","0"
"1.02868","0.500044","0.538475","0.0286542","0.588612","0.525752","1.00077","1.71586e-15","3.004","3.01127","3.26518","6.94361","0","0","0","0","0","0","0","0"
"1.03207","0.500044","0.538475","0.0286564","0.590892","0.527931","1.00914","1.71518e-15","3.02369","3.0132","3.28235","6.95094","0","0","0","0","0","0","0","0"
"1.03545","0.500044","0.538475","0.0286589","0.589395","0.526159","1.00331","1.70927e-15","3.01694","3.01324","3.28234","6.90372","0","0","0","0","0","0","0","0"
"1.03883","0.500044","0.538475","0.0286611","0.588274","0.52444","1.00357","1.70457e-15","3.00797","3.01823","3.2596","6.8474","0","0","0","0","0","0","0","0"
"1.04235","0.500044","0.538475","0.0286631","0.589072","0.525606","1.02239","1.69959e-15","3.00309","3.0103","3.21005","6.79042","0","0","0","0","0","0","0","0"
"1.0456","0.500044","0.538437","0.0286645","0.589619","0.525883","1.02529","1.70242e-15","3.01456","3.02613","3.17108","6.76176","0","0","0","0","0","0","0","0"
"1.049","0.500044","0.538437","0.0286663","0.589898","0.526732","1.02437","1.70883e-15","2.99727","3.01552","3.18575","6.70319","0","0","0","0","0","0","0","0"
"1.05238","0.500044","0.538437","0.0286677","0.589584","0.526554","1.02426","1.71561e-15","3.02046","3.02731","3.15831","6.72445","0","0","0","0","0","0","0","0"
"1.05577","0.500044","0.538437","0.0286694","0.587073","0.52509","1.02046","1.72085e-15","3.0232","3.02714","3.1557","6.78799","0","0","0","0","0","0","0","0"
"1.05927","0.500044","0.538437","0.0286693","0.588595","0.527465","1.03337","1.7191e-15","3.00818","3.03548","3.1502","6.76934","0","0","0","0","0","0","0","0"
"1.06253","0.500044","0.538548","0.0286687","0.58894","0.529287","1.03009","1.71426e-15","3.01827","3.0593","3.14742","6.73396","0","0","0","0","0","0","0","0"
"1.068","0.500044","0.538548","0.028668","0.587438","0.527376","1.03344","1.7065e-15","3.01878","3.05261","3.12886","6.68676","0","0","0","0","0","0","0","0"
"1.07138","0.500044","0.538548","0.0286674","0.589173","0.528121","1.04451","1.70798e-15","3.00359","3.04225","3.16492","6.70924","0","0","0","0","0","0","0","0"
"1.0749","0.500044","0.538548","0.0286666","0.590334","0.529143","1.04647","1.70659e-15","2.99703","3.05947","3.13949","6.69591","0","0","0","0","0","0","0","0"
"1.07817","0.500044","0.538379","0.0286652","0.591854","0.529841","1.04595","1.70952e-15","3.00551","3.06427","3.14868","6.74718","0","0","0","0","0","0","0","0"
"1.08155","0.500044","0.538379","0.0286639","0.590579","0.528337","1.04251","1.71064e-15","2.99859","3.06826","3.14879","6.74448","0","0","0","0","0","0","0","0"
"1.08493","0.500044","0.538379","0.0286625","0.591076","0.529472","1.0493","1.70571e-15","2.99465","3.05524","3.10894","6.71092","0","0","0","0","0","0","0","0"
"1.08832","0.500044","0.538379","0.0286613","0.590978","0.530036","1.05586","1.70471e-15","3.01234","3.05688","3.06396","6.65728","0","0","0","0","0","0","0","0"
"1.0918","0.500044","0.538379","0.02866","0.590169","0.529287","1.05407","1.7048e-15","3.0181","3.05878","3.05168","6.64883","0","0","0","0","0","0","0","0"
"1.09522","0.500044","0.538398","0.0286591","0.58999","0.528444","1.05206","1.71149e-15","3.01766","3.06143","3.04872","6.69185","0","0","0","0","0","0","0","0"
"1.09847","0.500044","0.538398","0.028658","0.590729","0.529696","1.05677","1.71404e-15","3.01182","3.06016","3.04374","6.73126","0","0","0","0","0","0","0","0"
"1.10185","0.500044","0.538398","0.0286571","0.591038","0.529662","1.05639","1.70959e-15","3.00725","3.05926","3.05171","6.69922","0","0","0","0","0","0","0","0"
"1.10525","0.500044","0.538398","0.028656","0.58958","0.530201","1.05421","1.70725e-15","3.00289","3.06684","3.02976","6.66033","0","0","0","0","0","0","0","0"
"1.10875","0.500044","0.538398","0.028655","0.58975","0.531315","1.0529","1.70754e-15","3.01498","3.10485","3.03475","6.63418","0","0","0","0","0","0","0","0"
"1.11202","0.500044","0.538721","0.0286539","0.589335","0.530221","1.05049","1.71125e-15","3.00755","3.10634","3.02794","6.67403","0","0","0","0","0","0","0","0"
"1.1154","0.500044","0.538721","0.028653","0.590571","0.530564","1.04526","1.71557e-15","3.01623","3.10385","3.03518","6.71745","0","0","0","0","0","0","0","0"
"1.11878","0.500044","0.538721","0.0286519","0.59019","0.531442","1.05107","1.71353e-15","3.02206","3.10805","3.0491","6.73425","0","0","0","0","0","0","0","0"
"1.12217","0.500044","0.538721","0.028651","0.592073","0.533475","1.05777","1.71117e-15","3.06194","3.14157","3.04276","6.68111","0","0","0","0","0","0","0","0"
"1.12565","0.500044","0.538721","0.028651","0.593688","0.535907","1.05823","1.70712e-15","3.05894","3.13231","3.02811","6.64074","0","0","0","0","0","0","0","0"
"1.12893","0.500044","0.538767","0.0286514","0.592643","0.535701","1.05832","1.71468e-15","3.0473","3.1244","3.02736","6.6852","0","0","0","0","0","0","0","0"
"1.13233","0.500044","0.538767","0.0286519","0.594","0.537198","1.057","1.72119e-15","3.03619","3.12347","3.01123","6.71792","0","0","0","0","0","0","0","0"
"1.1357","0.500044","0.538767","0.0286523","0.592536","0.535756","1.05152","1.72315e-15","3.03322","3.11656","3.02231","6.82139","0","0","0","0","0","0","0","0"
"1.13908","0.500044","0.538767","0.0286528","0.593049","0.536478","1.06733","1.72147e-15","3.04071","3.10822","3.03004","6.82904","0","0","0","0","0","0","0","0"
"1.14262","0.500044","0.538767","0.0286548","0.592922","0.536591","1.06876","1.71551e-15","3.03822","3.10572","3.02417","6.81003","0","0","0","0","0","0","0","0"
"1.14587","0.500044","0.539042","0.0286574","0.593074","0.53747","1.07776","1.70843e-15","3.03199","3.09515","2.9984","6.78401","0","0","0","0","0","0","0","0"
"1.15133","0.500044","0.539042","0.0286613","0.591552","0.536607","1.079","1.71028e-15","3.03126","3.09706","2.99102","6.77124","0","0","0","0","0","0","0","0"
"1.15472","0.500044","0.539042","0.028664","0.591422","0.536832","1.07473","1.71887e-15","3.01915","3.08577","2.99272","6.83189","0","0","0","0","0","0","0","0"
"1.15823","0.500044","0.539042","0.0286664","0.590118","0.5356","1.0772","1.71775e-15","3.01783","3.08266","2.99009","6.8172","0","0","0","0","0","0","0","0"
"1.1615","0.500044","0.539772","0.0286693","0.590644","0.536117","1.07632","1.71543e-15","3.0145","3.08962","2.9894","6.83546","0","0","0","0","0","0","0","0"
"1.16487","0.500044","0.539772","0.0286718","0.590179","0.535232","1.07923","1.71221e-15","3.01782","3.09173","2.99524","6.79999","0","0","0","0","0","0","0","0"
"1.16827","0.500044","0.539772","0.0286747","0.58956","0.535163","1.08098","1.70867e-15","3.01525","3.08472","3.00346","6.73925","0","0","0","0","0","0","0","0"
"1.17165","0.500044","0.539772","0.0286772","0.590902","0.535508","1.07814","1.7117e-15","3.03134","3.06967","3.01371","6.72384","0","0","0","0","0","0","0","0"
"1.17513","0.500044","0.539772","0.0286796","0.589866","0.53342","1.07053","1.71424e-15","3.02586","3.07397","3.03019","6.72962","0","0","0","0","0","0","0","0"
"1.17842","0.500044","0.539958","0.0286813","0.588629","0.532715","1.06372","1.72128e-15","3.0254","3.07049","3.04948","6.77754","0","0","0","0","0","0","0","0"
"1.1818","0.500044","0.539958","0.0286833","0.58756","0.531765","1.0593","1.72358e-15","3.02727","3.062","3.0503","6.83961","0","0","0","0","0","0","0","0"
"1.18518","0.500044","0.539958","0.028685","0.587437","0.531659","1.05101","1.72116e-15","3.0294","3.06678","3.0834","6.82837","0","0","0","0","0","0","0","0"
"1.18858","0.500044","0.539958","0.028687","0.586992","0.531438","1.04379","1.71749e-15","3.02583","3.05595","3.09909","6.78378","0","0","0","0","0","0","0","0"
"1.19208","0.500044","0.539958","0.0286893","0.588376","0.533154","1.04589","1.71266e-15","3.01859","3.04868","3.08008","6.7565","0","0","0","0","0","0","0","0"
"1.19533","0.500044","0.539691","0.0286924","0.586607","0.53119","1.03919","1.71455e-15","3.01663","3.05014","3.09548","6.76442","0","0","0","0","0","0","0","0"
"1.19872","0.500044","0.539691","0.028695","0.588409","0.532592","1.04708","1.7185e-15","3.01574","3.03956","3.08764","6.79055","0","0","0","0","0","0","0","0"
"1.20213","0.500044","0.539691","0.028698","0.588257","0.531453","1.04349","1.72248e-15","3.01568","3.04337","3.08949","6.8439","0","0","0","0","0","0","0","0"
"1.2055","0.500044","0.539691","0.0287006","0.58951","0.532899","1.04385","1.72359e-15","3.01881","3.04899","3.09553","6.8492","0","0","0","0","0","0","0","0"
"1.20898","0.500044","0.539691","0.0287051","0.588622","0.531395","1.03913","1.71939e-15","3.01647","3.045","3.10623","6.80923","0","0","0","0","0","0","0","0"
"1.21227","0.500044","0.539234","0.0287094","0.589136","0.532493","1.03811","1.71593e-15","3.02324","3.05952","3.11175","6.78339","0","0","0","0","0","0","0","0"
"1.21567","0.500044","0.539234","0.0287144","0.589182","0.53272","1.03964","1.71443e-15","3.0164","3.0549","3.09642","6.74422","0","0","0","0","0","0","0","0"
"1.21903","0.500044","0.539234","0.0287187","0.588267","0.531566","1.03665","1.71702e-15","3.01191","3.05748","3.09559","6.70651","0","0","0","0","0","0","0","0"
"1.22242","0.500044","0.539234","0.0287237","0.587802","0.531179","1.03374","1.72308e-15","2.99947","3.04911","3.08954","6.7342","0","0","0","0","0","0","0","0"
"1.22593","0.500044","0.539234","0.0287283","0.589211","0.532199","1.02988","1.7229e-15","3.00488","3.05165","3.08756","6.74462","0","0","0","0","0","0","0","0"
"1.2292","0.500044","0.53916","0.0287337","0.589467","0.53271","1.02958","1.72329e-15","3.01914","3.04194","3.08028","6.80024","0","0","0","0","0","0","0","0"
"1.23467","0.500044","0.53916","0.0287415","0.58852","0.530576","1.03186","1.71965e-15","3.01389","3.04828","3.11148","6.78256","0","0","0","0","0","0","0","0"
"1.23805","0.500044","0.53916","0.0287469","0.590111","0.532236","1.04146","1.71406e-15","3.01208","3.05653","3.13291","6.74005","0","0","0","0","0","0","0","0"
"1.24158","0.500044","0.53916","0.0287517","0.589382","0.532262","1.03587","1.71073e-15","3.00799","3.05173","3.14946","6.69701","0","0","0","0","0","0","0","0"
"1.24483","0.500044","0.539318","0.0287576","0.589558","0.532866","1.03624","1.7131e-15","3.02453","3.04005","3.13785","6.70167","0","0","0","0","0","0","0","0"
"1.2482","0.500044","0.539318","0.0287627","0.589802","0.532987","1.03129","1.71673e-15","3.02427","3.03961","3.15384","6.74187","0","0","0","0","0","0","0","0"
"1.25158","0.500044","0.539318","0.0287686","0.589281","0.532294","1.02667","1.71697e-15","3.02103","3.03204","3.16052","6.79356","0","0","0","0","0","0","0","0"
"1.25498","0.500044","0.539318","0.0287737","0.590801","0.533744","1.02843","1.71546e-15","3.01934","3.03252","3.13913","6.76177","0","0","0","0","0","0","0","0"
"1.25847","0.500044","0.539318","0.0287767","0.592381","0.536128","1.03933","1.71027e-15","3.01581","3.03712","3.13904","6.73118","0","0","0","0","0","0","0","0"
"1.26175","0.500044","0.539418","0.0287775","0.59459","0.537984","1.04054","1.70966e-15","3.01499","3.05922","3.13075","6.71375","0","0","0","0","0","0","0","0"
"1.26513","0.500044","0.539418","0.0287784","0.595331","0.539891","1.05052","1.71362e-15","3.01279","3.05136","3.12717","6.7344","0","0","0","0","0","0","0","0"
"1.26852","0.500044","0.539418","0.0287792","0.59657","0.540322","1.06583","1.71789e-15","3.02543","3.0554","3.25562","6.80598","0","0","0","0","0","0","0","0"
"1.2719","0.500044","0.539418","0.0287802","0.595849","0.539384","1.06198","1.71772e-15","3.02805","3.05375","3.25216","6.78978","0","0","0","0","0","0","0","0"
"1.27542","0.500044","0.539418","0.0287832","0.594989","0.53821","1.05766","1.71368e-15","3.01788","3.05211","3.27104","6.77042","0","0","0","0","0","0","0","0"
"1.27867","0.500044","0.539766","0.028788","0.595179","0.539371","1.06468","1.71058e-15","3.01611","3.03905","3.27256","6.73781","0","0","0","0","0","0","0","0"
"1.28205","0.500044","0.539766","0.0287921","0.595636","0.539614","1.06309","1.71239e-15","3.01583","3.03593","3.25865","6.74618","0","0","0","0","0","0","0","0"
"1.28545","0.500044","0.539766","0.0287968","0.595111","0.538617","1.0622","1.71676e-15","3.0267","3.04079","3.26074","6.79139","0","0","0","0","0","0","0","0"
"1.28883","0.500044","0.539766","0.0288009","0.593656","0.537044","1.05846","1.71693e-15","3.03532","3.04304","3.25888","6.80556","0","0","0","0","0","0","0","0"
"1.29232","0.500044","0.539766","0.0288025","0.593069","0.535629","1.05146","1.71278e-15","3.0293","3.04865","3.2779","6.75982","0","0","0","0","0","0","0","0"
"1.2956","0.500044","0.540771","0.0288027","0.591869","0.535046","1.04645","1.71114e-15","3.03089","3.05767","3.29808","6.72976","0","0","0","0","0","0","0","0"
"1.299","0.500044","0.540771","0.0288029","0.591647","0.535252","1.04605","1.71687e-15","3.04811","3.06978","3.28887","6.73438","0","0","0","0","0","0","0","0"
"1.30237","0.500044","0.540771","0.0288031","0.590639","0.5342","1.04524","1.72008e-15","3.05535","3.07158","3.28001","6.77189","0","0","0","0","0","0","0","0"
"1.30575","0.500044","0.540771","0.0288033","0.591015","0.533684","1.0476","1.72175e-15","3.05484","3.06594","3.25383","6.83383","0","0","0","0","0","0","0","0"
"1.30927","0.500044","0.540771","0.0288046","0.589949","0.533307","1.0456","1.71736e-15","3.06419","3.08439","3.24653","6.81532","0","0","0","0","0","0","0","0"
"1.31253","0.500044","0.540898","0.0288064","0.589827","0.533165","1.03856","1.71378e-15","3.05471","3.08353","3.27005","6.77327","0","0","0","0","0","0","0","0"
"1.318","0.500044","0.540898","0.0288089","0.589721","0.531788","1.03347","1.71809e-15","3.04612","3.07666","3.27115","6.76482","0","0","0","0","0","0","0","0"
"1.32138","0.500044","0.540898","0.0288107","0.58976","0.532019","1.03842","1.72354e-15","3.03389","3.06428","3.22369","6.80718","0","0","0","0","0","0","0","0"
"1.3249","0.500044","0.540898","0.0288127","0.590215","0.532328","1.04599","1.7218e-15","3.02795","3.06565","3.22497","6.77822","0","0","0","0","0","0","0","0"
"1.32815","0.500044","0.540252","0.0288155","0.589926","0.532925","1.04569","1.71902e-15","3.01716","3.07184","3.20563","6.75572","0","0","0","0","0","0","0","0"
"1.33167","0.500044","0.540252","0.0288179","0.591982","0.535007","1.05508","1.71589e-15","3.02081","3.07429","3.19137","6.72696","0","0","0","0","0","0","0","0"
"1.33492","0.500044","0.540252","0.0288207","0.59097","0.53381","1.04857","1.71754e-15","3.02753","3.08323","3.21162","6.73458","0","0","0","0","0","0","0","0"
"1.3383","0.500044","0.540252","0.0288231","0.590421","0.532981","1.05035","1.72108e-15","3.02208","3.08431","3.21021","6.74005","0","0","0","0","0","0","0","0"
"1.34178","0.500044","0.540252","0.0288255","0.59089","0.534845","1.06059","1.72032e-15","3.01767","3.06528","3.17322","6.7614","0","0","0","0","0","0","0","0"
"1.34508","0.500044","0.539838","0.0288274","0.592049","0.535849","1.05911","1.71926e-15","3.03548","3.06765","3.15977","6.76994","0","0","0","0","0","0","0","0"
"1.34847","0.500044","0.539838","0.0288295","0.591438","0.535419","1.06207","1.71571e-15","3.03974","3.06165","3.12699","6.74197","0","0","0","0","0","0","0","0"
"1.35185","0.500044","0.539838","0.0288314","0.590654","0.535187","1.05871","1.71673e-15","3.03847","3.06191","3.1284","6.72975","0","0","0","0","0","0","0","0"
"1.35525","0.500044","0.539838","0.0288336","0.590055","0.535165","1.0572","1.72236e-15","3.05099","3.06098","3.12171","6.76097","0","0","0","0","0","0","0","0"
"1.35875","0.500044","0.539838","0.0288331","0.589998","0.53489","1.06626","1.72178e-15","3.05453","3.05888","3.14787","6.74222","0","0","0","0","0","0","0","0"
"1.36205","0.500044","0.539962","0.0288313","0.590202","0.535655","1.0852","1.72138e-15","3.0512","3.05275","3.18036","6.76487","0","0","0","0","0","0","0","0"
"1.36545","0.500044","0.539962","0.0288295","0.590415","0.535205","1.08364","1.71869e-15","3.06103","3.06573","3.16976","6.74121","0","0","0","0","0","0","0","0"
"1.36883","0.500044","0.539962","0.028828","0.590776","0.535805","1.08491","1.71452e-15","3.05726","3.06601","3.14738","6.71796","0","0","0","0","0","0","0","0"
"1.37223","0.500044","0.539962","0.0288262","0.589737","0.534889","1.0789","1.71552e-15","3.05806","3.05994","3.16617","6.70069","0","0","0","0","0","0","0","0"
"1.3757","0.500044","0.539962","0.0288261","0.590043","0.534699","1.0776","1.71514e-15","3.07986","3.06787","3.1621","6.68552","0","0","0","0","0","0","0","0"
"1.379","0.500044","0.540082","0.0288263","0.589202","0.53379","1.07433","1.71663e-15","3.08962","3.06762","3.15407","6.71083","0","0","0","0","0","0","0","0"
"1.38237","0.500044","0.540082","0.0288265","0.590035","0.535658","1.07926","1.71318e-15","3.0884","3.06413","3.14546","6.69543","0","0","0","0","0","0","0","0"
"1.38577","0.500044","0.540082","0.0288268","0.589866","0.535983","1.0836","1.70867e-15","3.08367","3.05557","3.15225","6.67458","0","0","0","0","0","0","0","0"
"1.38915","0.500044","0.540082","0.028827","0.589097","0.535278","1.0849","1.70698e-15","3.08286","3.05422","3.12702","6.66364","0","0","0","0","0","0","0","0"
"1.39263","0.500044","0.540082","0.0288283","0.590434","0.536355","1.08327","1.70749e-15","3.0777","3.04698","3.12082","6.63715","0","0","0","0","0","0","0","0"
"1.39592","0.500044","0.539941","0.0288296","0.589568","0.535141","1.07935","1.71078e-15","3.07506","3.05298","3.13263","6.64271","0","0","0","0","0","0","0","0"
"1.4014","0.500044","0.539941","0.028832","0.588848","0.534715","1.07619","1.7096e-15","3.07935","3.04695","3.12487","6.66631","0","0","0","0","0","0","0","0"
"1.40477","0.500044","0.539941","0.0288332","0.588426","0.533859","1.07606","1.70591e-15","3.07409","3.04428","3.12984","6.64259","0","0","0","0","0","0","0","0"
"1.40827","0.500044","0.539941","0.0288369","0.587966","0.533606","1.07403","1.70259e-15","3.06972","3.04482","3.12958","6.60641","0","0","0","0","0","0","0","0"
"1.41155","0.500044","0.539886","0.0288415","0.587469","0.532696","1.06976","1.70347e-15","3.07427","3.04233","3.13681","6.59776","0","0","0","0","0","0","0","0"
"1.41493","0.500044","0.539886","0.0288468","0.586515","0.531736","1.06667","1.70765e-15","3.06868","3.04076","3.13272","6.61942","0","0","0","0","0","0","0","0"
"1.41832","0.500044","0.539886","0.0288513","0.585925","0.530799","1.061","1.70695e-15","3.06664","3.03895","3.15316","6.62","0","0","0","0","0","0","0","0"
"1.4217","0.500044","0.539886","0.0288566","0.585302","0.530102","1.05891","1.70486e-15","3.06433","3.03532","3.14669","6.60018","0","0","0","0","0","0","0","0"
"1.42518","0.500044","0.539886","0.0288602","0.586212","0.530543","1.0596","1.69983e-15","3.06869","3.03604","3.12959","6.57923","0","0","0","0","0","0","0","0"
"1.42847","0.500044","0.53978","0.0288637","0.585005","0.529203","1.05322","1.69998e-15","3.06507","3.03979","3.15051","6.56828","0","0","0","0","0","0","0","0"
"1.43185","0.500044","0.53978","0.0288668","0.586012","0.530042","1.05589","1.70054e-15","3.07357","3.0427","3.14217","6.55458","0","0","0","0","0","0","0","0"
"1.43525","0.500044","0.53978","0.0288703","0.586312","0.53035","1.06354","1.70353e-15","3.06609","3.04587","3.12171","6.55855","0","0","0","0","0","0","0","0"
"1.43863","0.500044","0.53978","0.0288734","0.58596","0.529742","1.05945","1.70476e-15","3.06013","3.04356","3.12912","6.5743","0","0","0","0","0","0","0","0"
"1.44212","0.500044","0.53978","0.028876","0.585646","0.529714","1.06001","1.70388e-15","3.05856","3.04111","3.1119","6.57557","0","0","0","0","0","0","0","0"
"1.44538","0.500044","0.539169","0.028878","0.585024","0.528928","1.05698","1.70101e-15","3.05549","3.0413","3.11978","6.55797","0","0","0","0","0","0","0","0"
"1.44878","0.500044","0.539169","0.0288802","0.584806","0.528795","1.05522","1.69816e-15","3.05815","3.03962","3.11951","6.53911","0","0","0","0","0","0","0","0"
"1.45217","0.500044","0.539169","0.0288822","0.585689","0.528786","1.05844","1.69628e-15","3.0549","3.03894","3.1007","6.51985","0","0","0","0","0","0","0","0"
"1.45557","0.500044","0.539169","0.0288845","0.584618","0.52782","1.06228","1.69864e-15","3.05685","3.03945","3.12586","6.53416","0","0","0","0","0","0","0","0"
"1.45903","0.500044","0.539169","0.028885","0.585137","0.52847","1.06952","1.69804e-15","3.06593","3.04845","3.18188","6.52213","0","0","0","0","0","0","0","0"
"1.46233","0.500044","0.538802","0.0288853","0.585768","0.52919","1.07011","1.70201e-15","3.07397","3.04987","3.19724","6.54667","0","0","0","0","0","0","0","0"
"1.46572","0.500044","0.538802","0.0288856","0.586125","0.529764","1.06703","1.70154e-15","3.08035","3.05332","3.20159","6.54705","0","0","0","0","0","0","0","0"
"1.4691","0.500044","0.538802","0.0288859","0.587566","0.531733","1.07422","1.70078e-15","3.07507","3.06935","3.18421","6.54897","0","0","0","0","0","0","0","0"
"1.4726","0.500044","0.538802","0.0288861","0.587604","0.532162","1.08081","1.69784e-15","3.07656","3.06426","3.17045","6.52256","0","0","0","0","0","0","0","0"
"1.47608","0.500044","0.538802","0.028885","0.587918","0.53185","1.0755","1.69411e-15","3.06891","3.06232","3.18323","6.49775","0","0","0","0","0","0","0","0"
"1.47937","0.500044","0.538574","0.0288838","0.588103","0.531993","1.07642","1.69539e-15","3.06629","3.06111","3.17561","6.48674","0","0","0","0","0","0","0","0"
"1.48458","0.500044","0.538574","0.0288819","0.588317","0.531989","1.07733","1.70093e-15","3.0689","3.07843","3.17398","6.5431","0","0","0","0","0","0","0","0"
"1.48797","0.500044","0.538574","0.0288805","0.588477","0.53176","1.07376","1.70327e-15","3.05503","3.08324","3.1788","6.58208","0","0","0","0","0","0","0","0"
"1.49145","0.500044","0.538574","0.0288787","0.587705","0.530926","1.0753","1.70163e-15","3.05464","3.08682","3.15926","6.5932","0","0","0","0","0","0","0","0"
"1.49473","0.500044","0.538691","0.0288758","0.58752","0.530751","1.07523","1.69966e-15","3.06351","3.08512","3.14357","6.56888","0","0","0","0","0","0","0","0"
"1.49812","0.500044","0.538691","0.0288734","0.587732","0.530305","1.07155","1.69714e-15","3.05769","3.08272","3.14858","6.54347","0","0","0","0","0","0","0","0"
"1.5015","0.500044","0.538691","0.0288705","0.586308","0.529398","1.06702","1.6981e-15","3.06553","3.08818","3.15896","6.54442","0","0","0","0","0","0","0","0"
"1.50488","0.500044","0.538691","0.028868","0.586871","0.529452","1.06737","1.70148e-15","3.0645","3.09154","3.16099","6.56961","0","0","0","0","0","0","0","0"
"1.50838","0.500044","0.538691","0.0288663","0.587737","0.530072","1.06904","1.70298e-15","3.10792","3.0951","3.15913","6.59269","0","0","0","0","0","0","0","0"
"1.51167","0.500044","0.538983","0.0288655","0.589558","0.531417","1.07078","1.7058e-15","3.09388","3.09001","3.15483","6.62316","0","0","0","0","0","0","0","0"
"1.51505","0.500044","0.538983","0.0288646","0.590107","0.532281","1.06749","1.7044e-15","3.09831","3.09483","3.16551","6.61492","0","0","0","0","0","0","0","0"
"1.51843","0.500044","0.538983","0.0288638","0.5914","0.533412","1.06762","1.70244e-15","3.10367","3.10949","3.17079","6.5893","0","0","0","0","0","0","0","0"
"1.52182","0.500044","0.538983","0.0288629","0.591287","0.533715","1.06598","1.70001e-15","3.09857","3.11286","3.16955","6.57224","0","0","0","0","0","0","0","0"
"1.5253","0.500044","0.538983","0.028862","0.590997","0.533661","1.0657","1.6988e-15","3.09201","3.11292","3.15522","6.55435","0","0","0","0","0","0","0","0"
"1.52858","0.500044","0.538832","0.0288608","0.590769","0.533149","1.06689","1.70164e-15","3.08816","3.11009","3.13855","6.57771","0","0","0","0","0","0","0","0"
"1.53197","0.500044","0.538832","0.0288598","0.590453","0.5331","1.06548","1.70474e-15","3.09127","3.10684","3.13697","6.6203","0","0","0","0","0","0","0","0"
"1.53537","0.500044","0.538832","0.0288586","0.591827","0.534179","1.06765","1.70467e-15","3.07683","3.10161","3.12892","6.64879","0","0","0","0","0","0","0","0"
"1.53873","0.500044","0.538832","0.0288576","0.591952","0.5341","1.0647","1.70236e-15","3.07515","3.09969","3.13016","6.62771","0","0","0","0","0","0","0","0"
"1.54223","0.500044","0.538832","0.0288561","0.591667","0.53364","1.07148","1.69897e-15","3.08397","3.11096","3.12133","6.60815","0","0","0","0","0","0","0","0"
"1.54552","0.500044","0.539269","0.0288547","0.591062","0.53346","1.0685","1.70045e-15","3.08183","3.10895","3.12854","6.59933","0","0","0","0","0","0","0","0"
"1.5489","0.500044","0.539269","0.0288531","0.589648","0.532764","1.06544","1.7043e-15","3.08166","3.10479","3.12929","6.60355","0","0","0","0","0","0","0","0"
"1.55228","0.500044","0.539269","0.0288516","0.589418","0.532309","1.06775","1.70721e-15","3.0735","3.10821","3.11798","6.63875","0","0","0","0","0","0","0","0"
"1.55567","0.500044","0.539269","0.02885","0.588998","0.53191","1.06421","1.70878e-15","3.07236","3.10563","3.1242","6.67491","0","0","0","0","0","0","0","0"
"1.55915","0.500044","0.539269","0.0288501","0.589351","0.531485","1.06267","1.70681e-15","3.07347","3.10376","3.11985","6.65776","0","0","0","0","0","0","0","0"
"1.56245","0.500044","0.539686","0.0288505","0.589063","0.531611","1.05896","1.70301e-15","3.06899","3.10261","3.1275","6.63701","0","0","0","0","0","0","0","0"
"1.56792","0.500044","0.539686","0.0288512","0.58999","0.531788","1.05313","1.70548e-15","3.06915","3.09037","3.13937","6.6544","0","0","0","0","0","0","0","0"
"1.57128","0.500044","0.539686","0.0288517","0.590583","0.532502","1.05091","1.70759e-15","3.07064","3.09544","3.13749","6.68262","0","0","0","0","0","0","0","0"
"1.57487","0.500044","0.539686","0.0288516","0.590147","0.532271","1.05078","1.70662e-15","3.06474","3.09097","3.13857","6.6674","0","0","0","0","0","0","0","0"
"1.57812","0.500044","0.539513","0.0288508","0.589805","0.531994","1.05077","1.70351e-15","3.06322","3.0883","3.14195","6.64539","0","0","0","0","0","0","0","0"
"1.5815","0.500044","0.539513","0.0288502","0.589823","0.532132","1.05081","1.70502e-15","3.07026","3.08349","3.13426","6.66526","0","0","0","0","0","0","0","0"
"1.58505","0.500044","0.539513","0.0288494","0.590026","0.531971","1.0499","1.70779e-15","3.06582","3.08469","3.12453","6.70285","0","0","0","0","0","0","0","0"
"1.58828","0.500044","0.539513","0.0288488","0.59012","0.532668","1.04794","1.70745e-15","3.06721","3.0908","3.13318","6.7285","0","0","0","0","0","0","0","0"
"1.59177","0.500044","0.539513","0.0288481","0.590871","0.532848","1.04924","1.70546e-15","3.06918","3.08588","3.12674","6.71078","0","0","0","0","0","0","0","0"
"1.59505","0.500044","0.539402","0.0288476","0.590352","0.532132","1.04992","1.70454e-15","3.06573","3.08516","3.1318","6.68484","0","0","0","0","0","0","0","0"
"1.59843","0.500044","0.539402","0.0288469","0.589743","0.532205","1.0522","1.70787e-15","3.06831","3.08361","3.12103","6.70074","0","0","0","0","0","0","0","0"
"1.60187","0.500044","0.539402","0.0288464","0.590592","0.533555","1.06011","1.7111e-15","3.0777","3.10253","3.12534","6.7077","0","0","0","0","0","0","0","0"
"1.60522","0.500044","0.539402","0.0288458","0.590108","0.533401","1.06137","1.7128e-15","3.07617","3.10595","3.11686","6.71834","0","0","0","0","0","0","0","0"
"1.60872","0.500044","0.539402","0.0288442","0.590557","0.534117","1.06693","1.71051e-15","3.07227","3.10253","3.11839","6.70151","0","0","0","0","0","0","0","0"
"1.61197","0.500044","0.539459","0.0288418","0.591091","0.534287","1.06456","1.70824e-15","3.06331","3.0993","3.12294","6.66952","0","0","0","0","0","0","0","0"
"1.61535","0.500044","0.539459","0.0288397","0.591256","0.534407","1.06233","1.70949e-15","3.06113","3.09287","3.12136","6.66641","0","0","0","0","0","0","0","0"
"1.61875","0.500044","0.539459","0.0288373","0.590075","0.533318","1.06059","1.71255e-15","3.06581","3.09171","3.11158","6.68615","0","0","0","0","0","0","0","0"
"1.62213","0.500044","0.539459","0.0288352","0.589469","0.532758","1.05986","1.71433e-15","3.06544","3.09388","3.10388","6.70274","0","0","0","0","0","0","0","0"
"1.62563","0.500044","0.539459","0.0288327","0.589024","0.532408","1.05723","1.712e-15","3.06311","3.09344","3.10543","6.68588","0","0","0","0","0","0","0","0"
"1.6289","0.500044","0.539547","0.0288306","0.587799","0.531299","1.05834","1.70909e-15","3.06754","3.09546","3.0923","6.66415","0","0","0","0","0","0","0","0"
"1.63223","0.500044","0.539547","0.0288281","0.588025","0.53184","1.05894","1.70946e-15","3.06922","3.10121","3.13109","6.65106","0","0","0","0","0","0","0","0"
"1.63558","0.500044","0.539547","0.028826","0.587852","0.531864","1.05628","1.71238e-15","3.07252","3.10601","3.13661","6.66432","0","0","0","0","0","0","0","0"
"1.63895","0.500044","0.539547","0.0288235","0.587371","0.531394","1.05479","1.71468e-15","3.06888","3.10225","3.12959","6.69994","0","0","0","0","0","0","0","0"
"1.64248","0.500044","0.539547","0.0288228","0.587331","0.531058","1.05239","1.71377e-15","3.06389","3.09886","3.1346","6.68439","0","0","0","0","0","0","0","0"
"1.64578","0.500044","0.539567","0.0288223","0.586587","0.530665","1.04798","1.7113e-15","3.06495","3.09378","3.14681","6.66947","0","0","0","0","0","0","0","0"
"1.65125","0.500044","0.539567","0.0288215","0.58584","0.530177","1.04742","1.71239e-15","3.07026","3.099","3.13785","6.6575","0","0","0","0","0","0","0","0"
"1.65465","0.500044","0.539567","0.028821","0.585666","0.530236","1.05173","1.71451e-15","3.06576","3.09507","3.11794","6.66228","0","0","0","0","0","0","0","0"
"1.65825","0.500044","0.539567","0.028822","0.585734","0.531163","1.05061","1.71449e-15","3.06767","3.10257","3.11527","6.6626","0","0","0","0","0","0","0","0"
"1.66153","0.500044","0.539154","0.028825","0.585515","0.531415","1.05635","1.71244e-15","3.05686","3.09431","3.10611","6.64566","0","0","0","0","0","0","0","0"
"1.66493","0.500044","0.539154","0.0288276","0.585822","0.531394","1.05396","1.70988e-15","3.04824","3.08827","3.10645","6.63035","0","0","0","0","0","0","0","0"
"1.66832","0.500044","0.539154","0.0288306","0.585443","0.530847","1.05163","1.7091e-15","3.05163","3.08499","3.10259","6.63348","0","0","0","0","0","0","0","0"
"1.67162","0.500044","0.539154","0.0288332","0.58562","0.530688","1.04854","1.71229e-15","3.04556","3.08483","3.10869","6.65387","0","0","0","0","0","0","0","0"

